Running on node: hpc-dgx-b-1
Sun May 31 00:37:32 2026       
+-----------------------------------------------------------------------------------------+
| NVIDIA-SMI 570.211.01             Driver Version: 570.211.01     CUDA Version: 12.8     |
|-----------------------------------------+------------------------+----------------------+
| GPU  Name                 Persistence-M | Bus-Id          Disp.A | Volatile Uncorr. ECC |
| Fan  Temp   Perf          Pwr:Usage/Cap |           Memory-Usage | GPU-Util  Compute M. |
|                                         |                        |               MIG M. |
|=========================================+========================+======================|
|   0  NVIDIA A100-SXM4-40GB          On  |   00000000:47:00.0 Off |                    0 |
| N/A   50C    P0             91W /  400W |       0MiB /  40960MiB |      0%      Default |
|                                         |                        |             Disabled |
+-----------------------------------------+------------------------+----------------------+
                                                                                         
+-----------------------------------------------------------------------------------------+
| Processes:                                                                              |
|  GPU   GI   CI              PID   Type   Process name                        GPU Memory |
|        ID   ID                                                               Usage      |
|=========================================================================================|
|  No running processes found                                                             |
+-----------------------------------------------------------------------------------------+
/opt/apps/eb/software/Miniconda3/4.9.2/bin/python
CUDA available: True
GPU: NVIDIA A100-SXM4-40GB

========== Step 1: Load downstream sentiment dataset ==========
Downstream train examples: 67349
Downstream validation examples: 872
Downstream test examples: 1821

========== Step 2: Generate human-like noisy downstream splits ==========

========== Step 3: Train/load three downstream sentiment models ==========

----- Downstream model: distilbert_sst2 (encoder_only) -----
Evaluating clean validation: distilbert_sst2
Evaluating noisy validation: distilbert_sst2

----- Downstream model: distilgpt2_sst2 (decoder_only) -----
Evaluating clean validation: distilgpt2_sst2
Evaluating noisy validation: distilgpt2_sst2

----- Downstream model: t5small_sst2 (encoder_decoder) -----
Evaluating clean validation: t5small_sst2
Evaluating noisy validation: t5small_sst2

========== Step 4: Prepare SST-2 noisy-clean pairs for cleaner training ==========
Cleaner source: {'source': 'downstream_train', 'description': 'Cleaner pairs are generated from downstream training text only; labels are ignored.', 'original_downstream_train_examples': 67349}
Cleaner train clean texts: 63982
Cleaner validation clean texts: 1000
Cleaner test clean texts: 0

========== Step 5: Train/load neural cleaner models ==========

----- Cleaner model: ediclean_t5small_sst2noise (encoder_decoder_cleaner) -----
{'loss': 2.7805, 'grad_norm': 42.96865463256836, 'learning_rate': 1.7361111111111112e-06, 'epoch': 0.01}
{'loss': 2.7794, 'grad_norm': 37.474666595458984, 'learning_rate': 3.4722222222222224e-06, 'epoch': 0.01}
{'loss': 2.6795, 'grad_norm': 5.658543109893799, 'learning_rate': 5.208333333333334e-06, 'epoch': 0.02}
{'loss': 2.5602, 'grad_norm': 18.418489456176758, 'learning_rate': 6.944444444444445e-06, 'epoch': 0.03}
{'loss': 2.2921, 'grad_norm': 6.772078037261963, 'learning_rate': 8.680555555555556e-06, 'epoch': 0.03}
{'loss': 2.1229, 'grad_norm': 4.7303242683410645, 'learning_rate': 1.0416666666666668e-05, 'epoch': 0.04}
{'loss': 2.1195, 'grad_norm': 3.887873411178589, 'learning_rate': 1.2152777777777779e-05, 'epoch': 0.04}
{'loss': 2.1274, 'grad_norm': 4.941821098327637, 'learning_rate': 1.388888888888889e-05, 'epoch': 0.05}
{'loss': 1.959, 'grad_norm': 43.66497039794922, 'learning_rate': 1.5625e-05, 'epoch': 0.06}
{'loss': 1.9361, 'grad_norm': 5.191356182098389, 'learning_rate': 1.736111111111111e-05, 'epoch': 0.06}
{'loss': 1.7948, 'grad_norm': 3.6529555320739746, 'learning_rate': 1.9097222222222222e-05, 'epoch': 0.07}
{'loss': 1.8047, 'grad_norm': 3.795682191848755, 'learning_rate': 2.0833333333333336e-05, 'epoch': 0.08}
{'loss': 1.6829, 'grad_norm': 23.474679946899414, 'learning_rate': 2.2569444444444447e-05, 'epoch': 0.08}
{'loss': 1.6115, 'grad_norm': 3.1826822757720947, 'learning_rate': 2.4305555555555558e-05, 'epoch': 0.09}
{'loss': 1.7498, 'grad_norm': 13.638439178466797, 'learning_rate': 2.604166666666667e-05, 'epoch': 0.09}
{'loss': 1.6393, 'grad_norm': 5.192770481109619, 'learning_rate': 2.777777777777778e-05, 'epoch': 0.1}
{'loss': 1.5403, 'grad_norm': 3.481149911880493, 'learning_rate': 2.951388888888889e-05, 'epoch': 0.11}
{'loss': 1.5785, 'grad_norm': 2.4739878177642822, 'learning_rate': 3.125e-05, 'epoch': 0.11}
{'loss': 1.5576, 'grad_norm': 4.555253028869629, 'learning_rate': 3.2986111111111115e-05, 'epoch': 0.12}
{'loss': 1.4773, 'grad_norm': 2.7770421504974365, 'learning_rate': 3.472222222222222e-05, 'epoch': 0.13}
{'loss': 1.5552, 'grad_norm': 4.986092567443848, 'learning_rate': 3.6458333333333336e-05, 'epoch': 0.13}
{'loss': 1.4579, 'grad_norm': 2.868457794189453, 'learning_rate': 3.8194444444444444e-05, 'epoch': 0.14}
{'loss': 1.443, 'grad_norm': 3.4185917377471924, 'learning_rate': 3.993055555555556e-05, 'epoch': 0.14}
{'loss': 1.4245, 'grad_norm': 2.725623607635498, 'learning_rate': 4.166666666666667e-05, 'epoch': 0.15}
{'loss': 1.4761, 'grad_norm': 5.993292331695557, 'learning_rate': 4.340277777777778e-05, 'epoch': 0.16}
{'loss': 1.3967, 'grad_norm': 3.875124454498291, 'learning_rate': 4.5138888888888894e-05, 'epoch': 0.16}
{'loss': 1.4266, 'grad_norm': 4.490439414978027, 'learning_rate': 4.6875e-05, 'epoch': 0.17}
{'loss': 1.4062, 'grad_norm': 3.325063467025757, 'learning_rate': 4.8611111111111115e-05, 'epoch': 0.18}
{'loss': 1.4168, 'grad_norm': 3.0471529960632324, 'learning_rate': 4.997783098341758e-05, 'epoch': 0.18}
{'loss': 1.3594, 'grad_norm': 3.946091890335083, 'learning_rate': 4.986698590050546e-05, 'epoch': 0.19}
{'loss': 1.4319, 'grad_norm': 5.2787675857543945, 'learning_rate': 4.9756140817593334e-05, 'epoch': 0.19}
{'loss': 1.3745, 'grad_norm': 2.5781006813049316, 'learning_rate': 4.964529573468121e-05, 'epoch': 0.2}
{'loss': 1.4139, 'grad_norm': 4.436568260192871, 'learning_rate': 4.9534450651769086e-05, 'epoch': 0.21}
{'loss': 1.2992, 'grad_norm': 3.163118600845337, 'learning_rate': 4.9423605568856966e-05, 'epoch': 0.21}
{'loss': 1.3189, 'grad_norm': 1.8194282054901123, 'learning_rate': 4.9312760485944845e-05, 'epoch': 0.22}
{'loss': 1.3937, 'grad_norm': 3.618845224380493, 'learning_rate': 4.9201915403032725e-05, 'epoch': 0.23}
{'loss': 1.375, 'grad_norm': 2.165480613708496, 'learning_rate': 4.9091070320120605e-05, 'epoch': 0.23}
{'loss': 1.379, 'grad_norm': 3.461538314819336, 'learning_rate': 4.8980225237208484e-05, 'epoch': 0.24}
{'loss': 1.239, 'grad_norm': 3.3497135639190674, 'learning_rate': 4.886938015429636e-05, 'epoch': 0.24}
{'loss': 1.345, 'grad_norm': 2.3366217613220215, 'learning_rate': 4.875853507138424e-05, 'epoch': 0.25}
{'loss': 1.3057, 'grad_norm': 3.933717727661133, 'learning_rate': 4.864768998847211e-05, 'epoch': 0.26}
{'loss': 1.2999, 'grad_norm': 2.8567240238189697, 'learning_rate': 4.853684490555999e-05, 'epoch': 0.26}
{'loss': 1.2398, 'grad_norm': 3.578080892562866, 'learning_rate': 4.842599982264787e-05, 'epoch': 0.27}
{'loss': 1.2747, 'grad_norm': 2.879554510116577, 'learning_rate': 4.831515473973575e-05, 'epoch': 0.28}
{'loss': 1.3185, 'grad_norm': 2.9631459712982178, 'learning_rate': 4.820430965682363e-05, 'epoch': 0.28}
{'loss': 1.2731, 'grad_norm': 3.7556185722351074, 'learning_rate': 4.80934645739115e-05, 'epoch': 0.29}
{'loss': 1.296, 'grad_norm': 3.4910728931427, 'learning_rate': 4.798261949099938e-05, 'epoch': 0.29}
{'loss': 1.2326, 'grad_norm': 3.4097964763641357, 'learning_rate': 4.787177440808726e-05, 'epoch': 0.3}
{'loss': 1.2491, 'grad_norm': 3.8986778259277344, 'learning_rate': 4.776092932517513e-05, 'epoch': 0.31}
{'loss': 1.1888, 'grad_norm': 4.030673980712891, 'learning_rate': 4.765008424226301e-05, 'epoch': 0.31}
{'loss': 1.2608, 'grad_norm': 2.513671398162842, 'learning_rate': 4.753923915935089e-05, 'epoch': 0.32}
{'loss': 1.1985, 'grad_norm': 4.4464006423950195, 'learning_rate': 4.742839407643877e-05, 'epoch': 0.33}
{'loss': 1.2806, 'grad_norm': 3.3788111209869385, 'learning_rate': 4.731754899352665e-05, 'epoch': 0.33}
{'loss': 1.2799, 'grad_norm': 3.2627851963043213, 'learning_rate': 4.7206703910614525e-05, 'epoch': 0.34}
{'loss': 1.3064, 'grad_norm': 1.6776556968688965, 'learning_rate': 4.7095858827702404e-05, 'epoch': 0.34}
{'loss': 1.1854, 'grad_norm': 2.2038304805755615, 'learning_rate': 4.6985013744790284e-05, 'epoch': 0.35}
{'loss': 1.2875, 'grad_norm': 2.7437996864318848, 'learning_rate': 4.687416866187816e-05, 'epoch': 0.36}
{'loss': 1.1687, 'grad_norm': 3.1013777256011963, 'learning_rate': 4.6763323578966037e-05, 'epoch': 0.36}
{'loss': 1.2396, 'grad_norm': 3.611374616622925, 'learning_rate': 4.6652478496053916e-05, 'epoch': 0.37}
{'loss': 1.2181, 'grad_norm': 2.455967664718628, 'learning_rate': 4.6541633413141796e-05, 'epoch': 0.38}
{'loss': 1.2206, 'grad_norm': 2.5582594871520996, 'learning_rate': 4.6430788330229676e-05, 'epoch': 0.38}
{'loss': 1.2173, 'grad_norm': 3.435856342315674, 'learning_rate': 4.631994324731755e-05, 'epoch': 0.39}
{'loss': 1.1382, 'grad_norm': 2.8353111743927, 'learning_rate': 4.620909816440543e-05, 'epoch': 0.39}
{'loss': 1.2874, 'grad_norm': 2.2121052742004395, 'learning_rate': 4.609825308149331e-05, 'epoch': 0.4}
{'loss': 1.2357, 'grad_norm': 2.880523443222046, 'learning_rate': 4.598740799858118e-05, 'epoch': 0.41}
{'loss': 1.2691, 'grad_norm': 2.677644729614258, 'learning_rate': 4.587656291566906e-05, 'epoch': 0.41}
{'loss': 1.2379, 'grad_norm': 2.2782208919525146, 'learning_rate': 4.576571783275695e-05, 'epoch': 0.42}
{'loss': 1.3088, 'grad_norm': 3.856999635696411, 'learning_rate': 4.565487274984482e-05, 'epoch': 0.43}
{'loss': 1.1362, 'grad_norm': 2.664524793624878, 'learning_rate': 4.55440276669327e-05, 'epoch': 0.43}
{'loss': 1.2575, 'grad_norm': 3.1645734310150146, 'learning_rate': 4.543318258402057e-05, 'epoch': 0.44}
{'loss': 1.2253, 'grad_norm': 2.435711145401001, 'learning_rate': 4.532233750110845e-05, 'epoch': 0.44}
{'loss': 1.1896, 'grad_norm': 2.724015235900879, 'learning_rate': 4.521149241819633e-05, 'epoch': 0.45}
{'loss': 1.2214, 'grad_norm': 4.122556686401367, 'learning_rate': 4.5100647335284204e-05, 'epoch': 0.46}
{'loss': 1.1593, 'grad_norm': 2.75565505027771, 'learning_rate': 4.498980225237209e-05, 'epoch': 0.46}
{'loss': 1.1214, 'grad_norm': 2.6510372161865234, 'learning_rate': 4.487895716945997e-05, 'epoch': 0.47}
{'loss': 1.1978, 'grad_norm': 2.5836117267608643, 'learning_rate': 4.476811208654784e-05, 'epoch': 0.48}
{'loss': 1.119, 'grad_norm': 2.418252468109131, 'learning_rate': 4.465726700363572e-05, 'epoch': 0.48}
{'loss': 1.1968, 'grad_norm': 3.894749879837036, 'learning_rate': 4.4546421920723596e-05, 'epoch': 0.49}
{'loss': 1.1444, 'grad_norm': 2.99786114692688, 'learning_rate': 4.4435576837811475e-05, 'epoch': 0.49}
{'loss': 1.1015, 'grad_norm': 2.462392568588257, 'learning_rate': 4.4324731754899355e-05, 'epoch': 0.5}
{'loss': 1.1633, 'grad_norm': 4.401538848876953, 'learning_rate': 4.4213886671987235e-05, 'epoch': 0.51}
{'loss': 1.1749, 'grad_norm': 3.520392894744873, 'learning_rate': 4.4103041589075114e-05, 'epoch': 0.51}
{'loss': 1.1733, 'grad_norm': 1.9451109170913696, 'learning_rate': 4.3992196506162994e-05, 'epoch': 0.52}
{'loss': 1.1604, 'grad_norm': 3.5121562480926514, 'learning_rate': 4.388135142325087e-05, 'epoch': 0.53}
{'loss': 1.1743, 'grad_norm': 4.808766841888428, 'learning_rate': 4.3770506340338746e-05, 'epoch': 0.53}
{'loss': 1.16, 'grad_norm': 2.9490880966186523, 'learning_rate': 4.365966125742662e-05, 'epoch': 0.54}
{'loss': 1.0833, 'grad_norm': 2.807074785232544, 'learning_rate': 4.35488161745145e-05, 'epoch': 0.54}
{'loss': 1.1057, 'grad_norm': 3.484529733657837, 'learning_rate': 4.343797109160238e-05, 'epoch': 0.55}
{'loss': 1.206, 'grad_norm': 3.6140968799591064, 'learning_rate': 4.332712600869026e-05, 'epoch': 0.56}
{'loss': 1.1173, 'grad_norm': 2.0028960704803467, 'learning_rate': 4.321628092577814e-05, 'epoch': 0.56}
{'loss': 1.0759, 'grad_norm': 1.835103154182434, 'learning_rate': 4.310543584286601e-05, 'epoch': 0.57}
{'loss': 1.1645, 'grad_norm': 1.6747606992721558, 'learning_rate': 4.299459075995389e-05, 'epoch': 0.58}
{'loss': 1.194, 'grad_norm': 1.4991511106491089, 'learning_rate': 4.288374567704177e-05, 'epoch': 0.58}
{'loss': 1.1517, 'grad_norm': 3.3610968589782715, 'learning_rate': 4.277290059412964e-05, 'epoch': 0.59}
{'loss': 1.1145, 'grad_norm': 3.068502902984619, 'learning_rate': 4.266205551121752e-05, 'epoch': 0.59}
{'loss': 1.1901, 'grad_norm': 4.509864330291748, 'learning_rate': 4.25512104283054e-05, 'epoch': 0.6}
{'loss': 1.2062, 'grad_norm': 3.4901785850524902, 'learning_rate': 4.244036534539328e-05, 'epoch': 0.61}
{'loss': 1.1116, 'grad_norm': 3.8526291847229004, 'learning_rate': 4.232952026248116e-05, 'epoch': 0.61}
{'loss': 1.1786, 'grad_norm': 3.707901954650879, 'learning_rate': 4.2218675179569034e-05, 'epoch': 0.62}
{'loss': 1.0222, 'grad_norm': 3.2174465656280518, 'learning_rate': 4.2107830096656914e-05, 'epoch': 0.63}
{'loss': 1.1104, 'grad_norm': 1.6730529069900513, 'learning_rate': 4.1996985013744794e-05, 'epoch': 0.63}
{'loss': 1.1349, 'grad_norm': 3.476788282394409, 'learning_rate': 4.1886139930832667e-05, 'epoch': 0.64}
{'loss': 1.1266, 'grad_norm': 3.662654161453247, 'learning_rate': 4.1775294847920546e-05, 'epoch': 0.64}
{'loss': 1.0907, 'grad_norm': 4.31852912902832, 'learning_rate': 4.1664449765008426e-05, 'epoch': 0.65}
{'loss': 1.1377, 'grad_norm': 1.4862914085388184, 'learning_rate': 4.1553604682096305e-05, 'epoch': 0.66}
{'loss': 1.1569, 'grad_norm': 2.623833179473877, 'learning_rate': 4.1442759599184185e-05, 'epoch': 0.66}
{'loss': 1.1497, 'grad_norm': 3.688321113586426, 'learning_rate': 4.133191451627206e-05, 'epoch': 0.67}
{'loss': 1.1577, 'grad_norm': 2.618975877761841, 'learning_rate': 4.122106943335994e-05, 'epoch': 0.68}
{'loss': 1.0914, 'grad_norm': 2.993306875228882, 'learning_rate': 4.111022435044782e-05, 'epoch': 0.68}
{'loss': 1.13, 'grad_norm': 2.9606716632843018, 'learning_rate': 4.099937926753569e-05, 'epoch': 0.69}
{'loss': 1.1519, 'grad_norm': 3.8343358039855957, 'learning_rate': 4.088853418462357e-05, 'epoch': 0.69}
{'loss': 1.113, 'grad_norm': 3.281040906906128, 'learning_rate': 4.077768910171145e-05, 'epoch': 0.7}
{'loss': 1.1123, 'grad_norm': 4.470119476318359, 'learning_rate': 4.066684401879933e-05, 'epoch': 0.71}
{'loss': 1.1689, 'grad_norm': 4.005769729614258, 'learning_rate': 4.055599893588721e-05, 'epoch': 0.71}
{'loss': 1.1025, 'grad_norm': 3.04474139213562, 'learning_rate': 4.044515385297508e-05, 'epoch': 0.72}
{'loss': 1.083, 'grad_norm': 4.0046467781066895, 'learning_rate': 4.033430877006296e-05, 'epoch': 0.73}
{'loss': 1.0783, 'grad_norm': 2.058894157409668, 'learning_rate': 4.022346368715084e-05, 'epoch': 0.73}
{'loss': 1.1365, 'grad_norm': 2.0989346504211426, 'learning_rate': 4.0112618604238714e-05, 'epoch': 0.74}
{'loss': 1.0728, 'grad_norm': 3.9954311847686768, 'learning_rate': 4.0001773521326593e-05, 'epoch': 0.74}
{'loss': 1.0951, 'grad_norm': 4.206808090209961, 'learning_rate': 3.989092843841448e-05, 'epoch': 0.75}
{'loss': 1.1279, 'grad_norm': 2.2103323936462402, 'learning_rate': 3.978008335550235e-05, 'epoch': 0.76}
{'loss': 1.069, 'grad_norm': 2.4461824893951416, 'learning_rate': 3.966923827259023e-05, 'epoch': 0.76}
{'loss': 1.2084, 'grad_norm': 2.4133286476135254, 'learning_rate': 3.9558393189678105e-05, 'epoch': 0.77}
{'loss': 1.1043, 'grad_norm': 2.4988064765930176, 'learning_rate': 3.9447548106765985e-05, 'epoch': 0.78}
{'loss': 1.1635, 'grad_norm': 2.1560251712799072, 'learning_rate': 3.9336703023853865e-05, 'epoch': 0.78}
{'loss': 1.0438, 'grad_norm': 3.118088722229004, 'learning_rate': 3.922585794094174e-05, 'epoch': 0.79}
{'loss': 1.129, 'grad_norm': 3.2854576110839844, 'learning_rate': 3.911501285802962e-05, 'epoch': 0.79}
{'loss': 1.072, 'grad_norm': 5.0544023513793945, 'learning_rate': 3.90041677751175e-05, 'epoch': 0.8}
{'loss': 1.1004, 'grad_norm': 2.465244770050049, 'learning_rate': 3.8893322692205376e-05, 'epoch': 0.81}
{'loss': 1.0334, 'grad_norm': 2.9776222705841064, 'learning_rate': 3.8782477609293256e-05, 'epoch': 0.81}
{'loss': 1.0799, 'grad_norm': 6.08745002746582, 'learning_rate': 3.867163252638113e-05, 'epoch': 0.82}
{'loss': 1.0411, 'grad_norm': 2.10548996925354, 'learning_rate': 3.856078744346901e-05, 'epoch': 0.83}
{'loss': 1.1566, 'grad_norm': 3.383436679840088, 'learning_rate': 3.844994236055689e-05, 'epoch': 0.83}
{'loss': 1.1187, 'grad_norm': 2.392737627029419, 'learning_rate': 3.833909727764476e-05, 'epoch': 0.84}
{'loss': 1.0811, 'grad_norm': 2.3054418563842773, 'learning_rate': 3.822825219473265e-05, 'epoch': 0.84}
{'loss': 1.0651, 'grad_norm': 4.3025054931640625, 'learning_rate': 3.811740711182052e-05, 'epoch': 0.85}
{'loss': 1.0557, 'grad_norm': 4.626672267913818, 'learning_rate': 3.80065620289084e-05, 'epoch': 0.86}
{'loss': 1.066, 'grad_norm': 4.439237594604492, 'learning_rate': 3.789571694599628e-05, 'epoch': 0.86}
{'loss': 1.1775, 'grad_norm': 3.3377630710601807, 'learning_rate': 3.778487186308415e-05, 'epoch': 0.87}
{'loss': 1.0168, 'grad_norm': 1.963000774383545, 'learning_rate': 3.767402678017203e-05, 'epoch': 0.88}
{'loss': 1.1269, 'grad_norm': 2.1292264461517334, 'learning_rate': 3.756318169725991e-05, 'epoch': 0.88}
{'loss': 1.0643, 'grad_norm': 2.818971633911133, 'learning_rate': 3.745233661434779e-05, 'epoch': 0.89}
{'loss': 1.1514, 'grad_norm': 4.698909759521484, 'learning_rate': 3.734149153143567e-05, 'epoch': 0.89}
{'loss': 0.9945, 'grad_norm': 1.9023586511611938, 'learning_rate': 3.7230646448523544e-05, 'epoch': 0.9}
{'loss': 1.0324, 'grad_norm': 2.4340286254882812, 'learning_rate': 3.7119801365611424e-05, 'epoch': 0.91}
{'loss': 1.0771, 'grad_norm': 2.2047128677368164, 'learning_rate': 3.70089562826993e-05, 'epoch': 0.91}
{'loss': 1.064, 'grad_norm': 1.6262816190719604, 'learning_rate': 3.6898111199787176e-05, 'epoch': 0.92}
{'loss': 1.1012, 'grad_norm': 2.4613027572631836, 'learning_rate': 3.6787266116875056e-05, 'epoch': 0.93}
{'loss': 1.1108, 'grad_norm': 2.6618781089782715, 'learning_rate': 3.6676421033962935e-05, 'epoch': 0.93}
{'loss': 1.0987, 'grad_norm': 3.2327468395233154, 'learning_rate': 3.6565575951050815e-05, 'epoch': 0.94}
{'loss': 1.0326, 'grad_norm': 3.1935038566589355, 'learning_rate': 3.6454730868138695e-05, 'epoch': 0.94}
{'loss': 1.0232, 'grad_norm': 3.1872806549072266, 'learning_rate': 3.634388578522657e-05, 'epoch': 0.95}
{'loss': 1.076, 'grad_norm': 3.089289426803589, 'learning_rate': 3.623304070231445e-05, 'epoch': 0.96}
{'loss': 1.1138, 'grad_norm': 2.489814519882202, 'learning_rate': 3.612219561940233e-05, 'epoch': 0.96}
{'loss': 1.0427, 'grad_norm': 2.2655739784240723, 'learning_rate': 3.60113505364902e-05, 'epoch': 0.97}
{'loss': 1.0664, 'grad_norm': 3.5430774688720703, 'learning_rate': 3.590050545357808e-05, 'epoch': 0.98}
{'loss': 1.1065, 'grad_norm': 2.8966829776763916, 'learning_rate': 3.578966037066596e-05, 'epoch': 0.98}
{'loss': 0.993, 'grad_norm': 2.471283197402954, 'learning_rate': 3.567881528775384e-05, 'epoch': 0.99}
{'loss': 1.0171, 'grad_norm': 2.4667513370513916, 'learning_rate': 3.556797020484172e-05, 'epoch': 0.99}
{'loss': 1.0288, 'grad_norm': 2.6954846382141113, 'learning_rate': 3.545712512192959e-05, 'epoch': 1.0}
{'loss': 1.0755, 'grad_norm': 2.580153226852417, 'learning_rate': 3.534628003901747e-05, 'epoch': 1.01}
{'loss': 0.9866, 'grad_norm': 2.1232783794403076, 'learning_rate': 3.523543495610535e-05, 'epoch': 1.01}
{'loss': 0.9673, 'grad_norm': 2.734555721282959, 'learning_rate': 3.5124589873193223e-05, 'epoch': 1.02}
{'loss': 1.0932, 'grad_norm': 4.668349266052246, 'learning_rate': 3.50137447902811e-05, 'epoch': 1.03}
{'loss': 1.0622, 'grad_norm': 2.487745523452759, 'learning_rate': 3.490289970736898e-05, 'epoch': 1.03}
{'loss': 1.0535, 'grad_norm': 3.3584916591644287, 'learning_rate': 3.479205462445686e-05, 'epoch': 1.04}
{'loss': 0.9822, 'grad_norm': 2.382551908493042, 'learning_rate': 3.468120954154474e-05, 'epoch': 1.04}
{'loss': 0.9869, 'grad_norm': 2.6217880249023438, 'learning_rate': 3.4570364458632615e-05, 'epoch': 1.05}
{'loss': 0.9716, 'grad_norm': 3.25761342048645, 'learning_rate': 3.4459519375720495e-05, 'epoch': 1.06}
{'loss': 1.1126, 'grad_norm': 2.269930839538574, 'learning_rate': 3.4348674292808374e-05, 'epoch': 1.06}
{'loss': 1.0474, 'grad_norm': 2.21075701713562, 'learning_rate': 3.423782920989625e-05, 'epoch': 1.07}
{'loss': 1.0605, 'grad_norm': 2.7585015296936035, 'learning_rate': 3.412698412698413e-05, 'epoch': 1.08}
{'loss': 1.1353, 'grad_norm': 3.292372941970825, 'learning_rate': 3.4016139044072006e-05, 'epoch': 1.08}
{'loss': 1.039, 'grad_norm': 2.5355005264282227, 'learning_rate': 3.3905293961159886e-05, 'epoch': 1.09}
{'loss': 0.999, 'grad_norm': 2.631309747695923, 'learning_rate': 3.3794448878247766e-05, 'epoch': 1.09}
{'loss': 1.0173, 'grad_norm': 3.020232677459717, 'learning_rate': 3.368360379533564e-05, 'epoch': 1.1}
{'loss': 1.0254, 'grad_norm': 3.9294984340667725, 'learning_rate': 3.357275871242352e-05, 'epoch': 1.11}
{'loss': 1.0079, 'grad_norm': 2.154820203781128, 'learning_rate': 3.34619136295114e-05, 'epoch': 1.11}
{'loss': 1.0178, 'grad_norm': 2.680999994277954, 'learning_rate': 3.335106854659927e-05, 'epoch': 1.12}
{'loss': 1.0018, 'grad_norm': 4.035341262817383, 'learning_rate': 3.324022346368715e-05, 'epoch': 1.13}
{'loss': 1.0676, 'grad_norm': 2.8209517002105713, 'learning_rate': 3.312937838077503e-05, 'epoch': 1.13}
{'loss': 1.041, 'grad_norm': 2.4005019664764404, 'learning_rate': 3.301853329786291e-05, 'epoch': 1.14}
{'loss': 0.9804, 'grad_norm': 3.297691822052002, 'learning_rate': 3.290768821495079e-05, 'epoch': 1.14}
{'loss': 1.0371, 'grad_norm': 2.2827889919281006, 'learning_rate': 3.279684313203866e-05, 'epoch': 1.15}
{'loss': 1.0525, 'grad_norm': 2.058779239654541, 'learning_rate': 3.268599804912654e-05, 'epoch': 1.16}
{'loss': 0.9922, 'grad_norm': 3.9651763439178467, 'learning_rate': 3.257515296621442e-05, 'epoch': 1.16}
{'loss': 1.0558, 'grad_norm': 4.554182529449463, 'learning_rate': 3.2464307883302294e-05, 'epoch': 1.17}
{'loss': 0.9587, 'grad_norm': 3.188596725463867, 'learning_rate': 3.235346280039018e-05, 'epoch': 1.18}
{'loss': 0.969, 'grad_norm': 1.5754733085632324, 'learning_rate': 3.2242617717478054e-05, 'epoch': 1.18}
{'loss': 1.0368, 'grad_norm': 3.961038589477539, 'learning_rate': 3.213177263456593e-05, 'epoch': 1.19}
{'loss': 1.1224, 'grad_norm': 3.4847285747528076, 'learning_rate': 3.202092755165381e-05, 'epoch': 1.19}
{'loss': 1.0075, 'grad_norm': 3.353285312652588, 'learning_rate': 3.1910082468741686e-05, 'epoch': 1.2}
{'loss': 1.0313, 'grad_norm': 3.012110710144043, 'learning_rate': 3.1799237385829565e-05, 'epoch': 1.21}
{'loss': 0.9584, 'grad_norm': 3.4854273796081543, 'learning_rate': 3.1688392302917445e-05, 'epoch': 1.21}
{'loss': 1.0341, 'grad_norm': 4.263490200042725, 'learning_rate': 3.157754722000532e-05, 'epoch': 1.22}
{'loss': 1.0625, 'grad_norm': 4.880753993988037, 'learning_rate': 3.1466702137093204e-05, 'epoch': 1.23}
{'loss': 1.0414, 'grad_norm': 2.286031723022461, 'learning_rate': 3.135585705418108e-05, 'epoch': 1.23}
{'loss': 1.0189, 'grad_norm': 2.3423361778259277, 'learning_rate': 3.124501197126896e-05, 'epoch': 1.24}
{'loss': 0.9601, 'grad_norm': 2.181382656097412, 'learning_rate': 3.1134166888356837e-05, 'epoch': 1.24}
{'loss': 0.9958, 'grad_norm': 2.9240357875823975, 'learning_rate': 3.102332180544471e-05, 'epoch': 1.25}
{'loss': 1.0051, 'grad_norm': 2.228745222091675, 'learning_rate': 3.091247672253259e-05, 'epoch': 1.26}
{'loss': 0.9968, 'grad_norm': 1.7816704511642456, 'learning_rate': 3.080163163962046e-05, 'epoch': 1.26}
{'loss': 1.0143, 'grad_norm': 2.021740198135376, 'learning_rate': 3.069078655670835e-05, 'epoch': 1.27}
{'loss': 1.0742, 'grad_norm': 2.902148485183716, 'learning_rate': 3.057994147379623e-05, 'epoch': 1.28}
{'loss': 1.0453, 'grad_norm': 3.684936046600342, 'learning_rate': 3.04690963908841e-05, 'epoch': 1.28}
{'loss': 0.9366, 'grad_norm': 1.7997522354125977, 'learning_rate': 3.035825130797198e-05, 'epoch': 1.29}
{'loss': 0.9559, 'grad_norm': 2.4419429302215576, 'learning_rate': 3.024740622505986e-05, 'epoch': 1.29}
{'loss': 1.0366, 'grad_norm': 2.106292247772217, 'learning_rate': 3.0136561142147733e-05, 'epoch': 1.3}
{'loss': 1.0178, 'grad_norm': 3.117518424987793, 'learning_rate': 3.0025716059235616e-05, 'epoch': 1.31}
{'loss': 0.9476, 'grad_norm': 1.6192970275878906, 'learning_rate': 2.991487097632349e-05, 'epoch': 1.31}
{'loss': 0.9809, 'grad_norm': 2.7104551792144775, 'learning_rate': 2.980402589341137e-05, 'epoch': 1.32}
{'loss': 0.9384, 'grad_norm': 1.3485777378082275, 'learning_rate': 2.9693180810499248e-05, 'epoch': 1.33}
{'loss': 1.0285, 'grad_norm': 3.40848708152771, 'learning_rate': 2.9582335727587124e-05, 'epoch': 1.33}
{'loss': 1.0195, 'grad_norm': 3.0497500896453857, 'learning_rate': 2.9471490644675004e-05, 'epoch': 1.34}
{'loss': 0.9121, 'grad_norm': 2.3903489112854004, 'learning_rate': 2.9360645561762884e-05, 'epoch': 1.34}
{'loss': 0.9926, 'grad_norm': 2.174680471420288, 'learning_rate': 2.924980047885076e-05, 'epoch': 1.35}
{'loss': 1.0552, 'grad_norm': 4.856113910675049, 'learning_rate': 2.913895539593864e-05, 'epoch': 1.36}
{'loss': 0.9612, 'grad_norm': 2.5973284244537354, 'learning_rate': 2.9028110313026513e-05, 'epoch': 1.36}
{'loss': 1.0088, 'grad_norm': 3.6576318740844727, 'learning_rate': 2.8917265230114392e-05, 'epoch': 1.37}
{'loss': 0.8749, 'grad_norm': 3.608457326889038, 'learning_rate': 2.8806420147202272e-05, 'epoch': 1.38}
{'loss': 0.9958, 'grad_norm': 3.8214755058288574, 'learning_rate': 2.8695575064290148e-05, 'epoch': 1.38}
{'loss': 0.9795, 'grad_norm': 3.3184399604797363, 'learning_rate': 2.8584729981378028e-05, 'epoch': 1.39}
{'loss': 0.9587, 'grad_norm': 2.90390944480896, 'learning_rate': 2.8473884898465907e-05, 'epoch': 1.39}
{'loss': 0.9892, 'grad_norm': 3.687262773513794, 'learning_rate': 2.8363039815553784e-05, 'epoch': 1.4}
{'loss': 0.9822, 'grad_norm': 2.3400228023529053, 'learning_rate': 2.8252194732641663e-05, 'epoch': 1.41}
{'loss': 0.9811, 'grad_norm': 2.751288652420044, 'learning_rate': 2.8141349649729536e-05, 'epoch': 1.41}
{'loss': 0.9779, 'grad_norm': 2.5622401237487793, 'learning_rate': 2.8030504566817416e-05, 'epoch': 1.42}
{'loss': 0.9955, 'grad_norm': 3.1903862953186035, 'learning_rate': 2.79196594839053e-05, 'epoch': 1.43}
{'loss': 0.9499, 'grad_norm': 3.091186285018921, 'learning_rate': 2.7808814400993172e-05, 'epoch': 1.43}
{'loss': 0.9741, 'grad_norm': 1.3667585849761963, 'learning_rate': 2.769796931808105e-05, 'epoch': 1.44}
{'loss': 0.9555, 'grad_norm': 2.171557664871216, 'learning_rate': 2.758712423516893e-05, 'epoch': 1.44}
{'loss': 1.0224, 'grad_norm': 2.4833734035491943, 'learning_rate': 2.7476279152256807e-05, 'epoch': 1.45}
{'loss': 1.1153, 'grad_norm': 2.3162689208984375, 'learning_rate': 2.7365434069344687e-05, 'epoch': 1.46}
{'loss': 0.99, 'grad_norm': 2.267488956451416, 'learning_rate': 2.725458898643256e-05, 'epoch': 1.46}
{'loss': 1.0249, 'grad_norm': 1.7293511629104614, 'learning_rate': 2.714374390352044e-05, 'epoch': 1.47}
{'loss': 1.0269, 'grad_norm': 2.19789981842041, 'learning_rate': 2.7032898820608322e-05, 'epoch': 1.48}
{'loss': 1.0334, 'grad_norm': 2.9419755935668945, 'learning_rate': 2.6922053737696195e-05, 'epoch': 1.48}
{'loss': 1.0468, 'grad_norm': 2.5184061527252197, 'learning_rate': 2.6811208654784075e-05, 'epoch': 1.49}
{'loss': 0.9958, 'grad_norm': 3.1703262329101562, 'learning_rate': 2.6700363571871955e-05, 'epoch': 1.49}
{'loss': 0.9264, 'grad_norm': 2.286405324935913, 'learning_rate': 2.658951848895983e-05, 'epoch': 1.5}
{'loss': 0.978, 'grad_norm': 2.799438714981079, 'learning_rate': 2.647867340604771e-05, 'epoch': 1.51}
{'loss': 0.9324, 'grad_norm': 1.9432967901229858, 'learning_rate': 2.6367828323135583e-05, 'epoch': 1.51}
{'loss': 0.9845, 'grad_norm': 3.20762300491333, 'learning_rate': 2.6256983240223466e-05, 'epoch': 1.52}
{'loss': 1.0064, 'grad_norm': 2.0345618724823, 'learning_rate': 2.6146138157311346e-05, 'epoch': 1.53}
{'loss': 0.9831, 'grad_norm': 3.7873504161834717, 'learning_rate': 2.603529307439922e-05, 'epoch': 1.53}
{'loss': 0.9801, 'grad_norm': 1.7064034938812256, 'learning_rate': 2.59244479914871e-05, 'epoch': 1.54}
{'loss': 1.007, 'grad_norm': 2.646331787109375, 'learning_rate': 2.5813602908574975e-05, 'epoch': 1.54}
{'loss': 0.9945, 'grad_norm': 2.108217716217041, 'learning_rate': 2.5702757825662855e-05, 'epoch': 1.55}
{'loss': 0.9548, 'grad_norm': 3.3482773303985596, 'learning_rate': 2.5591912742750734e-05, 'epoch': 1.56}
{'loss': 0.9898, 'grad_norm': 4.374267101287842, 'learning_rate': 2.548106765983861e-05, 'epoch': 1.56}
{'loss': 0.9805, 'grad_norm': 2.9096503257751465, 'learning_rate': 2.537022257692649e-05, 'epoch': 1.57}
{'loss': 0.9495, 'grad_norm': 2.5128138065338135, 'learning_rate': 2.525937749401437e-05, 'epoch': 1.58}
{'loss': 0.9168, 'grad_norm': 2.1442513465881348, 'learning_rate': 2.5148532411102243e-05, 'epoch': 1.58}
{'loss': 0.9446, 'grad_norm': 2.57159161567688, 'learning_rate': 2.5037687328190122e-05, 'epoch': 1.59}
{'loss': 0.9698, 'grad_norm': 2.5315492153167725, 'learning_rate': 2.4926842245278002e-05, 'epoch': 1.59}
{'loss': 0.9744, 'grad_norm': 2.5609705448150635, 'learning_rate': 2.4815997162365878e-05, 'epoch': 1.6}
{'loss': 0.9831, 'grad_norm': 3.6514289379119873, 'learning_rate': 2.4705152079453754e-05, 'epoch': 1.61}
{'loss': 1.0017, 'grad_norm': 2.424705982208252, 'learning_rate': 2.4594306996541634e-05, 'epoch': 1.61}
{'loss': 1.0096, 'grad_norm': 2.2320189476013184, 'learning_rate': 2.4483461913629514e-05, 'epoch': 1.62}
{'loss': 1.0145, 'grad_norm': 3.1182870864868164, 'learning_rate': 2.437261683071739e-05, 'epoch': 1.63}
{'loss': 0.9813, 'grad_norm': 2.6278347969055176, 'learning_rate': 2.4261771747805266e-05, 'epoch': 1.63}
{'loss': 0.9468, 'grad_norm': 3.1890945434570312, 'learning_rate': 2.415092666489315e-05, 'epoch': 1.64}
{'loss': 0.9498, 'grad_norm': 1.7959662675857544, 'learning_rate': 2.4040081581981026e-05, 'epoch': 1.64}
{'loss': 0.9856, 'grad_norm': 2.624610185623169, 'learning_rate': 2.3929236499068902e-05, 'epoch': 1.65}
{'loss': 0.9798, 'grad_norm': 2.5575642585754395, 'learning_rate': 2.3818391416156778e-05, 'epoch': 1.66}
{'loss': 0.9446, 'grad_norm': 3.208523750305176, 'learning_rate': 2.370754633324466e-05, 'epoch': 1.66}
{'loss': 0.8955, 'grad_norm': 2.7731454372406006, 'learning_rate': 2.3596701250332537e-05, 'epoch': 1.67}
{'loss': 1.016, 'grad_norm': 2.192918062210083, 'learning_rate': 2.3485856167420414e-05, 'epoch': 1.68}
{'loss': 0.9265, 'grad_norm': 2.0472705364227295, 'learning_rate': 2.337501108450829e-05, 'epoch': 1.68}
{'loss': 1.0156, 'grad_norm': 4.1972270011901855, 'learning_rate': 2.3264166001596173e-05, 'epoch': 1.69}
{'loss': 0.9829, 'grad_norm': 2.9866440296173096, 'learning_rate': 2.315332091868405e-05, 'epoch': 1.69}
{'loss': 0.9694, 'grad_norm': 2.004805088043213, 'learning_rate': 2.3042475835771925e-05, 'epoch': 1.7}
{'loss': 1.0073, 'grad_norm': 2.4919650554656982, 'learning_rate': 2.2931630752859805e-05, 'epoch': 1.71}
{'loss': 0.9469, 'grad_norm': 2.195640802383423, 'learning_rate': 2.2820785669947685e-05, 'epoch': 1.71}
{'loss': 1.0133, 'grad_norm': 2.6166791915893555, 'learning_rate': 2.270994058703556e-05, 'epoch': 1.72}
{'loss': 0.9526, 'grad_norm': 4.750879287719727, 'learning_rate': 2.2599095504123437e-05, 'epoch': 1.73}
{'loss': 1.0245, 'grad_norm': 6.361067295074463, 'learning_rate': 2.2488250421211317e-05, 'epoch': 1.73}
{'loss': 0.9329, 'grad_norm': 2.19547438621521, 'learning_rate': 2.2377405338299197e-05, 'epoch': 1.74}
{'loss': 0.9192, 'grad_norm': 1.7625150680541992, 'learning_rate': 2.2266560255387073e-05, 'epoch': 1.74}
{'loss': 0.9372, 'grad_norm': 2.3733971118927, 'learning_rate': 2.215571517247495e-05, 'epoch': 1.75}
{'loss': 0.9618, 'grad_norm': 3.0089783668518066, 'learning_rate': 2.204487008956283e-05, 'epoch': 1.76}
{'loss': 1.0102, 'grad_norm': 3.42685866355896, 'learning_rate': 2.1934025006650705e-05, 'epoch': 1.76}
{'loss': 1.0156, 'grad_norm': 2.7053775787353516, 'learning_rate': 2.1823179923738585e-05, 'epoch': 1.77}
{'loss': 0.9628, 'grad_norm': 5.519094467163086, 'learning_rate': 2.171233484082646e-05, 'epoch': 1.78}
{'loss': 1.0424, 'grad_norm': 9.185140609741211, 'learning_rate': 2.160148975791434e-05, 'epoch': 1.78}
{'loss': 0.977, 'grad_norm': 3.33591365814209, 'learning_rate': 2.1490644675002217e-05, 'epoch': 1.79}
{'loss': 0.9505, 'grad_norm': 3.556468963623047, 'learning_rate': 2.1379799592090096e-05, 'epoch': 1.79}
{'loss': 0.9419, 'grad_norm': 1.9479362964630127, 'learning_rate': 2.1268954509177973e-05, 'epoch': 1.8}
{'loss': 0.9607, 'grad_norm': 2.966371536254883, 'learning_rate': 2.1158109426265852e-05, 'epoch': 1.81}
{'loss': 1.005, 'grad_norm': 2.7795095443725586, 'learning_rate': 2.104726434335373e-05, 'epoch': 1.81}
{'loss': 0.9222, 'grad_norm': 2.401200294494629, 'learning_rate': 2.0936419260441608e-05, 'epoch': 1.82}
{'loss': 0.9384, 'grad_norm': 1.5491375923156738, 'learning_rate': 2.0825574177529484e-05, 'epoch': 1.83}
{'loss': 0.9602, 'grad_norm': 2.9837801456451416, 'learning_rate': 2.0714729094617364e-05, 'epoch': 1.83}
{'loss': 0.993, 'grad_norm': 3.358522415161133, 'learning_rate': 2.060388401170524e-05, 'epoch': 1.84}
{'loss': 0.9526, 'grad_norm': 3.123279333114624, 'learning_rate': 2.049303892879312e-05, 'epoch': 1.84}
{'loss': 1.0129, 'grad_norm': 3.0499796867370605, 'learning_rate': 2.0382193845881e-05, 'epoch': 1.85}
{'loss': 0.952, 'grad_norm': 2.7627549171447754, 'learning_rate': 2.0271348762968876e-05, 'epoch': 1.86}
{'loss': 0.962, 'grad_norm': 2.3671321868896484, 'learning_rate': 2.0160503680056752e-05, 'epoch': 1.86}
{'loss': 0.9175, 'grad_norm': 2.197723627090454, 'learning_rate': 2.0049658597144632e-05, 'epoch': 1.87}
{'loss': 0.986, 'grad_norm': 2.9911906719207764, 'learning_rate': 1.993881351423251e-05, 'epoch': 1.88}
{'loss': 0.9061, 'grad_norm': 1.70900297164917, 'learning_rate': 1.9827968431320388e-05, 'epoch': 1.88}
{'loss': 1.0005, 'grad_norm': 3.3082237243652344, 'learning_rate': 1.9717123348408264e-05, 'epoch': 1.89}
{'loss': 0.9822, 'grad_norm': 2.963808059692383, 'learning_rate': 1.9606278265496144e-05, 'epoch': 1.89}
{'loss': 0.9886, 'grad_norm': 2.8618109226226807, 'learning_rate': 1.9495433182584023e-05, 'epoch': 1.9}
{'loss': 0.961, 'grad_norm': 2.1536877155303955, 'learning_rate': 1.93845880996719e-05, 'epoch': 1.91}
{'loss': 0.972, 'grad_norm': 1.337084412574768, 'learning_rate': 1.9273743016759776e-05, 'epoch': 1.91}
{'loss': 0.958, 'grad_norm': 1.773846983909607, 'learning_rate': 1.9162897933847655e-05, 'epoch': 1.92}
{'loss': 0.9351, 'grad_norm': 1.8159469366073608, 'learning_rate': 1.9052052850935535e-05, 'epoch': 1.93}
{'loss': 1.0284, 'grad_norm': 2.2360923290252686, 'learning_rate': 1.894120776802341e-05, 'epoch': 1.93}
{'loss': 0.9523, 'grad_norm': 4.224812984466553, 'learning_rate': 1.8830362685111288e-05, 'epoch': 1.94}
{'loss': 0.9366, 'grad_norm': 2.8295722007751465, 'learning_rate': 1.8719517602199167e-05, 'epoch': 1.94}
{'loss': 0.9203, 'grad_norm': 1.7516088485717773, 'learning_rate': 1.8608672519287047e-05, 'epoch': 1.95}
{'loss': 0.9326, 'grad_norm': 2.7256205081939697, 'learning_rate': 1.8497827436374923e-05, 'epoch': 1.96}
{'loss': 0.8846, 'grad_norm': 2.1064672470092773, 'learning_rate': 1.83869823534628e-05, 'epoch': 1.96}
{'loss': 1.0237, 'grad_norm': 2.2620201110839844, 'learning_rate': 1.827613727055068e-05, 'epoch': 1.97}
{'loss': 0.9216, 'grad_norm': 2.177286386489868, 'learning_rate': 1.816529218763856e-05, 'epoch': 1.98}
{'loss': 0.9976, 'grad_norm': 1.6625117063522339, 'learning_rate': 1.8054447104726435e-05, 'epoch': 1.98}
{'loss': 0.9723, 'grad_norm': 2.970301389694214, 'learning_rate': 1.794360202181431e-05, 'epoch': 1.99}
{'loss': 0.9899, 'grad_norm': 2.5358450412750244, 'learning_rate': 1.783275693890219e-05, 'epoch': 1.99}
{'loss': 0.9785, 'grad_norm': 2.591148614883423, 'learning_rate': 1.772191185599007e-05, 'epoch': 2.0}
{'loss': 0.9517, 'grad_norm': 2.9064064025878906, 'learning_rate': 1.7611066773077947e-05, 'epoch': 2.01}
{'loss': 0.9452, 'grad_norm': 3.3790292739868164, 'learning_rate': 1.7500221690165823e-05, 'epoch': 2.01}
{'loss': 0.9171, 'grad_norm': 2.1785619258880615, 'learning_rate': 1.7389376607253703e-05, 'epoch': 2.02}
{'loss': 0.9847, 'grad_norm': 2.9756815433502197, 'learning_rate': 1.7278531524341582e-05, 'epoch': 2.03}
{'loss': 0.9363, 'grad_norm': 3.0112650394439697, 'learning_rate': 1.716768644142946e-05, 'epoch': 2.03}
{'loss': 0.9696, 'grad_norm': 2.159144401550293, 'learning_rate': 1.7056841358517335e-05, 'epoch': 2.04}
{'loss': 0.9369, 'grad_norm': 2.740576982498169, 'learning_rate': 1.6945996275605215e-05, 'epoch': 2.04}
{'loss': 0.9618, 'grad_norm': 4.063374042510986, 'learning_rate': 1.6835151192693094e-05, 'epoch': 2.05}
{'loss': 0.8308, 'grad_norm': 2.6493992805480957, 'learning_rate': 1.672430610978097e-05, 'epoch': 2.06}
{'loss': 0.9215, 'grad_norm': 2.8122150897979736, 'learning_rate': 1.661346102686885e-05, 'epoch': 2.06}
{'loss': 0.8852, 'grad_norm': 3.0760648250579834, 'learning_rate': 1.6502615943956726e-05, 'epoch': 2.07}
{'loss': 0.8782, 'grad_norm': 2.932251214981079, 'learning_rate': 1.6391770861044606e-05, 'epoch': 2.08}
{'loss': 0.9366, 'grad_norm': 2.61061954498291, 'learning_rate': 1.6280925778132482e-05, 'epoch': 2.08}
{'loss': 0.8971, 'grad_norm': 2.5882747173309326, 'learning_rate': 1.6170080695220362e-05, 'epoch': 2.09}
{'loss': 0.9214, 'grad_norm': 2.620481014251709, 'learning_rate': 1.6059235612308238e-05, 'epoch': 2.09}
{'loss': 0.9206, 'grad_norm': 2.4875307083129883, 'learning_rate': 1.5948390529396118e-05, 'epoch': 2.1}
{'loss': 0.9346, 'grad_norm': 1.8776566982269287, 'learning_rate': 1.5837545446483994e-05, 'epoch': 2.11}
{'loss': 0.9889, 'grad_norm': 3.255735397338867, 'learning_rate': 1.5726700363571874e-05, 'epoch': 2.11}
{'loss': 0.955, 'grad_norm': 4.782948017120361, 'learning_rate': 1.561585528065975e-05, 'epoch': 2.12}
{'loss': 0.9842, 'grad_norm': 2.882526397705078, 'learning_rate': 1.550501019774763e-05, 'epoch': 2.13}
{'loss': 0.9617, 'grad_norm': 2.049828052520752, 'learning_rate': 1.5394165114835506e-05, 'epoch': 2.13}
{'loss': 0.9112, 'grad_norm': 2.928546905517578, 'learning_rate': 1.5283320031923386e-05, 'epoch': 2.14}
{'loss': 1.0268, 'grad_norm': 1.5752304792404175, 'learning_rate': 1.5172474949011262e-05, 'epoch': 2.14}
{'loss': 0.934, 'grad_norm': 2.0158517360687256, 'learning_rate': 1.5061629866099141e-05, 'epoch': 2.15}
{'loss': 1.0309, 'grad_norm': 5.528082847595215, 'learning_rate': 1.495078478318702e-05, 'epoch': 2.16}
{'loss': 0.9434, 'grad_norm': 2.1985647678375244, 'learning_rate': 1.4839939700274896e-05, 'epoch': 2.16}
{'loss': 0.9336, 'grad_norm': 2.7650082111358643, 'learning_rate': 1.4729094617362774e-05, 'epoch': 2.17}
{'loss': 0.9105, 'grad_norm': 5.336650848388672, 'learning_rate': 1.4618249534450653e-05, 'epoch': 2.18}
{'loss': 0.9121, 'grad_norm': 2.7986040115356445, 'learning_rate': 1.4507404451538531e-05, 'epoch': 2.18}
{'loss': 0.9087, 'grad_norm': 1.732704758644104, 'learning_rate': 1.4396559368626407e-05, 'epoch': 2.19}
{'loss': 0.9123, 'grad_norm': 2.4327616691589355, 'learning_rate': 1.4285714285714285e-05, 'epoch': 2.19}
{'loss': 0.9103, 'grad_norm': 2.0116846561431885, 'learning_rate': 1.4174869202802165e-05, 'epoch': 2.2}
{'loss': 0.9684, 'grad_norm': 2.36189866065979, 'learning_rate': 1.4064024119890043e-05, 'epoch': 2.21}
{'loss': 0.9189, 'grad_norm': 2.71500301361084, 'learning_rate': 1.3953179036977921e-05, 'epoch': 2.21}
{'loss': 0.9117, 'grad_norm': 2.2906289100646973, 'learning_rate': 1.3842333954065797e-05, 'epoch': 2.22}
{'loss': 0.9417, 'grad_norm': 1.9361885786056519, 'learning_rate': 1.3731488871153677e-05, 'epoch': 2.23}
{'loss': 0.9792, 'grad_norm': 2.6321051120758057, 'learning_rate': 1.3620643788241555e-05, 'epoch': 2.23}
{'loss': 0.9345, 'grad_norm': 2.536691665649414, 'learning_rate': 1.3509798705329433e-05, 'epoch': 2.24}
{'loss': 0.8765, 'grad_norm': 2.0166304111480713, 'learning_rate': 1.3398953622417309e-05, 'epoch': 2.24}
{'loss': 0.9053, 'grad_norm': 1.656351923942566, 'learning_rate': 1.3288108539505187e-05, 'epoch': 2.25}
{'loss': 0.9357, 'grad_norm': 2.2971444129943848, 'learning_rate': 1.3177263456593067e-05, 'epoch': 2.26}
{'loss': 0.9076, 'grad_norm': 3.20386004447937, 'learning_rate': 1.3066418373680945e-05, 'epoch': 2.26}
{'loss': 0.8161, 'grad_norm': 2.3416965007781982, 'learning_rate': 1.2955573290768821e-05, 'epoch': 2.27}
{'loss': 0.8906, 'grad_norm': 2.526970863342285, 'learning_rate': 1.2844728207856699e-05, 'epoch': 2.28}
{'loss': 0.9147, 'grad_norm': 4.760756015777588, 'learning_rate': 1.2733883124944578e-05, 'epoch': 2.28}
{'loss': 0.9415, 'grad_norm': 2.109402894973755, 'learning_rate': 1.2623038042032456e-05, 'epoch': 2.29}
{'loss': 0.9969, 'grad_norm': 3.1685400009155273, 'learning_rate': 1.2512192959120333e-05, 'epoch': 2.29}
{'loss': 1.0375, 'grad_norm': 2.0217461585998535, 'learning_rate': 1.2401347876208212e-05, 'epoch': 2.3}
{'loss': 0.9706, 'grad_norm': 2.3745696544647217, 'learning_rate': 1.229050279329609e-05, 'epoch': 2.31}
{'loss': 1.0049, 'grad_norm': 2.1502842903137207, 'learning_rate': 1.2179657710383968e-05, 'epoch': 2.31}
{'loss': 0.9758, 'grad_norm': 3.231264591217041, 'learning_rate': 1.2068812627471846e-05, 'epoch': 2.32}
{'loss': 0.9368, 'grad_norm': 1.7780511379241943, 'learning_rate': 1.1957967544559724e-05, 'epoch': 2.33}
{'loss': 0.8513, 'grad_norm': 1.677078127861023, 'learning_rate': 1.1847122461647602e-05, 'epoch': 2.33}
{'loss': 0.8729, 'grad_norm': 5.407792568206787, 'learning_rate': 1.173627737873548e-05, 'epoch': 2.34}
{'loss': 0.9235, 'grad_norm': 1.7587471008300781, 'learning_rate': 1.1625432295823358e-05, 'epoch': 2.34}
{'loss': 0.8887, 'grad_norm': 3.8222405910491943, 'learning_rate': 1.1514587212911236e-05, 'epoch': 2.35}
{'loss': 0.8973, 'grad_norm': 2.8994462490081787, 'learning_rate': 1.1403742129999114e-05, 'epoch': 2.36}
{'loss': 0.899, 'grad_norm': 4.059232711791992, 'learning_rate': 1.1292897047086992e-05, 'epoch': 2.36}
{'loss': 0.8764, 'grad_norm': 7.633924961090088, 'learning_rate': 1.118205196417487e-05, 'epoch': 2.37}
{'loss': 0.9094, 'grad_norm': 3.270662546157837, 'learning_rate': 1.1071206881262748e-05, 'epoch': 2.38}
{'loss': 0.9614, 'grad_norm': 2.618556261062622, 'learning_rate': 1.0960361798350626e-05, 'epoch': 2.38}
{'loss': 0.9743, 'grad_norm': 2.5085396766662598, 'learning_rate': 1.0849516715438504e-05, 'epoch': 2.39}
{'loss': 0.8789, 'grad_norm': 3.688521146774292, 'learning_rate': 1.0738671632526382e-05, 'epoch': 2.39}
{'loss': 0.8774, 'grad_norm': 3.0014967918395996, 'learning_rate': 1.062782654961426e-05, 'epoch': 2.4}
{'loss': 0.8907, 'grad_norm': 2.8217921257019043, 'learning_rate': 1.0516981466702138e-05, 'epoch': 2.41}
{'loss': 0.9093, 'grad_norm': 1.9147162437438965, 'learning_rate': 1.0406136383790015e-05, 'epoch': 2.41}
{'loss': 0.9421, 'grad_norm': 2.7184319496154785, 'learning_rate': 1.0295291300877893e-05, 'epoch': 2.42}
{'loss': 0.9334, 'grad_norm': 2.30599308013916, 'learning_rate': 1.0184446217965771e-05, 'epoch': 2.43}
{'loss': 1.0005, 'grad_norm': 3.471250057220459, 'learning_rate': 1.007360113505365e-05, 'epoch': 2.43}
{'loss': 0.8289, 'grad_norm': 1.6213964223861694, 'learning_rate': 9.962756052141527e-06, 'epoch': 2.44}
{'loss': 0.9391, 'grad_norm': 3.2298312187194824, 'learning_rate': 9.851910969229405e-06, 'epoch': 2.44}
{'loss': 0.9203, 'grad_norm': 2.3608758449554443, 'learning_rate': 9.741065886317283e-06, 'epoch': 2.45}
{'loss': 0.9481, 'grad_norm': 2.7883493900299072, 'learning_rate': 9.630220803405161e-06, 'epoch': 2.46}
{'loss': 0.8646, 'grad_norm': 2.455082893371582, 'learning_rate': 9.51937572049304e-06, 'epoch': 2.46}
{'loss': 0.8792, 'grad_norm': 3.2160329818725586, 'learning_rate': 9.408530637580917e-06, 'epoch': 2.47}
{'loss': 0.969, 'grad_norm': 2.9165773391723633, 'learning_rate': 9.297685554668795e-06, 'epoch': 2.48}
{'loss': 0.9277, 'grad_norm': 2.4421849250793457, 'learning_rate': 9.186840471756673e-06, 'epoch': 2.48}
{'loss': 0.9277, 'grad_norm': 3.035726547241211, 'learning_rate': 9.075995388844551e-06, 'epoch': 2.49}
{'loss': 0.9506, 'grad_norm': 2.8213999271392822, 'learning_rate': 8.965150305932429e-06, 'epoch': 2.49}
{'loss': 0.8685, 'grad_norm': 1.8544642925262451, 'learning_rate': 8.854305223020307e-06, 'epoch': 2.5}
{'loss': 0.923, 'grad_norm': 3.591670513153076, 'learning_rate': 8.743460140108185e-06, 'epoch': 2.51}
{'loss': 0.9378, 'grad_norm': 3.478078603744507, 'learning_rate': 8.632615057196063e-06, 'epoch': 2.51}
{'loss': 0.9348, 'grad_norm': 2.4235103130340576, 'learning_rate': 8.52176997428394e-06, 'epoch': 2.52}
{'loss': 0.8879, 'grad_norm': 2.2307016849517822, 'learning_rate': 8.410924891371819e-06, 'epoch': 2.53}
{'loss': 0.9444, 'grad_norm': 3.723928928375244, 'learning_rate': 8.300079808459697e-06, 'epoch': 2.53}
{'loss': 0.8983, 'grad_norm': 3.3264622688293457, 'learning_rate': 8.189234725547575e-06, 'epoch': 2.54}
{'loss': 0.8678, 'grad_norm': 2.2782840728759766, 'learning_rate': 8.078389642635453e-06, 'epoch': 2.54}
{'loss': 0.9831, 'grad_norm': 3.9873316287994385, 'learning_rate': 7.96754455972333e-06, 'epoch': 2.55}
{'loss': 0.849, 'grad_norm': 2.2962167263031006, 'learning_rate': 7.856699476811208e-06, 'epoch': 2.56}
{'loss': 0.951, 'grad_norm': 2.668717861175537, 'learning_rate': 7.745854393899086e-06, 'epoch': 2.56}
{'loss': 0.9722, 'grad_norm': 3.582538604736328, 'learning_rate': 7.635009310986966e-06, 'epoch': 2.57}
{'loss': 0.8254, 'grad_norm': 3.411487340927124, 'learning_rate': 7.524164228074842e-06, 'epoch': 2.58}
{'loss': 0.8983, 'grad_norm': 2.9126083850860596, 'learning_rate': 7.413319145162721e-06, 'epoch': 2.58}
{'loss': 0.9415, 'grad_norm': 2.553189754486084, 'learning_rate': 7.302474062250598e-06, 'epoch': 2.59}
{'loss': 0.944, 'grad_norm': 2.422018051147461, 'learning_rate': 7.191628979338477e-06, 'epoch': 2.59}
{'loss': 0.9592, 'grad_norm': 4.6943840980529785, 'learning_rate': 7.080783896426355e-06, 'epoch': 2.6}
{'loss': 0.9254, 'grad_norm': 4.143345355987549, 'learning_rate': 6.969938813514233e-06, 'epoch': 2.61}
{'loss': 0.9134, 'grad_norm': 2.1945619583129883, 'learning_rate': 6.859093730602111e-06, 'epoch': 2.61}
{'loss': 0.8901, 'grad_norm': 2.2842888832092285, 'learning_rate': 6.748248647689989e-06, 'epoch': 2.62}
{'loss': 0.9605, 'grad_norm': 3.783745527267456, 'learning_rate': 6.637403564777867e-06, 'epoch': 2.63}
{'loss': 0.9658, 'grad_norm': 4.739424228668213, 'learning_rate': 6.5265584818657456e-06, 'epoch': 2.63}
{'loss': 0.9263, 'grad_norm': 2.319298028945923, 'learning_rate': 6.415713398953623e-06, 'epoch': 2.64}
{'loss': 0.9514, 'grad_norm': 1.9860175848007202, 'learning_rate': 6.3048683160415015e-06, 'epoch': 2.64}
{'loss': 0.8871, 'grad_norm': 2.122701406478882, 'learning_rate': 6.1940232331293786e-06, 'epoch': 2.65}
{'loss': 0.9267, 'grad_norm': 1.972254991531372, 'learning_rate': 6.0831781502172565e-06, 'epoch': 2.66}
{'loss': 0.9744, 'grad_norm': 3.4756622314453125, 'learning_rate': 5.9723330673051345e-06, 'epoch': 2.66}
{'loss': 0.8774, 'grad_norm': 3.308596611022949, 'learning_rate': 5.8614879843930124e-06, 'epoch': 2.67}
{'loss': 0.8894, 'grad_norm': 3.628197193145752, 'learning_rate': 5.75064290148089e-06, 'epoch': 2.68}
{'loss': 0.8556, 'grad_norm': 3.234179735183716, 'learning_rate': 5.639797818568768e-06, 'epoch': 2.68}
{'loss': 0.9234, 'grad_norm': 1.089917778968811, 'learning_rate': 5.528952735656646e-06, 'epoch': 2.69}
{'loss': 0.9722, 'grad_norm': 2.583486557006836, 'learning_rate': 5.418107652744524e-06, 'epoch': 2.69}
{'loss': 0.9316, 'grad_norm': 3.8224990367889404, 'learning_rate': 5.307262569832402e-06, 'epoch': 2.7}
{'loss': 0.9158, 'grad_norm': 3.0169124603271484, 'learning_rate': 5.19641748692028e-06, 'epoch': 2.71}
{'loss': 1.013, 'grad_norm': 3.0523064136505127, 'learning_rate': 5.085572404008158e-06, 'epoch': 2.71}
{'loss': 0.9063, 'grad_norm': 3.136425256729126, 'learning_rate': 4.974727321096036e-06, 'epoch': 2.72}
{'loss': 0.9205, 'grad_norm': 2.883013963699341, 'learning_rate': 4.863882238183914e-06, 'epoch': 2.73}
{'loss': 0.8342, 'grad_norm': 2.6354570388793945, 'learning_rate': 4.753037155271793e-06, 'epoch': 2.73}
{'loss': 0.9635, 'grad_norm': 2.1661674976348877, 'learning_rate': 4.642192072359671e-06, 'epoch': 2.74}
{'loss': 0.9083, 'grad_norm': 1.8056832551956177, 'learning_rate': 4.531346989447549e-06, 'epoch': 2.74}
{'loss': 0.8689, 'grad_norm': 2.5132265090942383, 'learning_rate': 4.420501906535427e-06, 'epoch': 2.75}
{'loss': 0.9031, 'grad_norm': 2.6454670429229736, 'learning_rate': 4.309656823623305e-06, 'epoch': 2.76}
{'loss': 0.7808, 'grad_norm': 1.921543836593628, 'learning_rate': 4.198811740711183e-06, 'epoch': 2.76}
{'loss': 0.9983, 'grad_norm': 2.20223331451416, 'learning_rate': 4.0879666577990605e-06, 'epoch': 2.77}
{'loss': 0.8912, 'grad_norm': 2.460488796234131, 'learning_rate': 3.9771215748869385e-06, 'epoch': 2.78}
{'loss': 0.9804, 'grad_norm': 2.723182201385498, 'learning_rate': 3.8662764919748164e-06, 'epoch': 2.78}
{'loss': 0.9399, 'grad_norm': 2.84294056892395, 'learning_rate': 3.7554314090626944e-06, 'epoch': 2.79}
{'loss': 0.9537, 'grad_norm': 1.6229232549667358, 'learning_rate': 3.6445863261505723e-06, 'epoch': 2.79}
{'loss': 0.8758, 'grad_norm': 1.355212926864624, 'learning_rate': 3.5337412432384503e-06, 'epoch': 2.8}
{'loss': 0.9042, 'grad_norm': 2.7052407264709473, 'learning_rate': 3.4228961603263283e-06, 'epoch': 2.81}
{'loss': 0.9068, 'grad_norm': 5.061373710632324, 'learning_rate': 3.312051077414206e-06, 'epoch': 2.81}
{'loss': 0.8608, 'grad_norm': 1.8700368404388428, 'learning_rate': 3.201205994502084e-06, 'epoch': 2.82}
{'loss': 0.9082, 'grad_norm': 2.273548126220703, 'learning_rate': 3.090360911589962e-06, 'epoch': 2.83}
{'loss': 0.9322, 'grad_norm': 2.6874794960021973, 'learning_rate': 2.97951582867784e-06, 'epoch': 2.83}
{'loss': 0.9032, 'grad_norm': 2.643235683441162, 'learning_rate': 2.868670745765718e-06, 'epoch': 2.84}
{'loss': 0.8602, 'grad_norm': 3.391312599182129, 'learning_rate': 2.757825662853596e-06, 'epoch': 2.84}
{'loss': 0.93, 'grad_norm': 1.3773188591003418, 'learning_rate': 2.646980579941474e-06, 'epoch': 2.85}
{'loss': 0.9029, 'grad_norm': 2.9513492584228516, 'learning_rate': 2.536135497029352e-06, 'epoch': 2.86}
{'loss': 0.9734, 'grad_norm': 2.152401924133301, 'learning_rate': 2.42529041411723e-06, 'epoch': 2.86}
{'loss': 0.9235, 'grad_norm': 3.4383866786956787, 'learning_rate': 2.314445331205108e-06, 'epoch': 2.87}
{'loss': 0.9155, 'grad_norm': 2.192129373550415, 'learning_rate': 2.2036002482929857e-06, 'epoch': 2.88}
{'loss': 0.8744, 'grad_norm': 8.57748794555664, 'learning_rate': 2.092755165380864e-06, 'epoch': 2.88}
{'loss': 0.8841, 'grad_norm': 2.7577261924743652, 'learning_rate': 1.981910082468742e-06, 'epoch': 2.89}
{'loss': 0.8906, 'grad_norm': 2.22308349609375, 'learning_rate': 1.8710649995566198e-06, 'epoch': 2.89}
{'loss': 0.8645, 'grad_norm': 1.796830654144287, 'learning_rate': 1.7602199166444976e-06, 'epoch': 2.9}
{'loss': 0.9427, 'grad_norm': 2.3202788829803467, 'learning_rate': 1.6493748337323755e-06, 'epoch': 2.91}
{'loss': 0.9372, 'grad_norm': 1.8886487483978271, 'learning_rate': 1.5385297508202537e-06, 'epoch': 2.91}
{'loss': 0.9707, 'grad_norm': 3.4357213973999023, 'learning_rate': 1.4276846679081316e-06, 'epoch': 2.92}
{'loss': 0.8954, 'grad_norm': 2.3028957843780518, 'learning_rate': 1.3168395849960098e-06, 'epoch': 2.93}
{'loss': 0.8506, 'grad_norm': 3.4659247398376465, 'learning_rate': 1.2059945020838875e-06, 'epoch': 2.93}
{'loss': 0.8297, 'grad_norm': 3.2185306549072266, 'learning_rate': 1.0951494191717655e-06, 'epoch': 2.94}
{'loss': 0.9194, 'grad_norm': 2.605410099029541, 'learning_rate': 9.843043362596434e-07, 'epoch': 2.94}
{'loss': 0.8545, 'grad_norm': 1.5513732433319092, 'learning_rate': 8.734592533475215e-07, 'epoch': 2.95}
{'loss': 0.922, 'grad_norm': 1.529883623123169, 'learning_rate': 7.626141704353996e-07, 'epoch': 2.96}
{'loss': 0.8788, 'grad_norm': 2.87956166267395, 'learning_rate': 6.517690875232775e-07, 'epoch': 2.96}
{'loss': 0.9115, 'grad_norm': 1.9752144813537598, 'learning_rate': 5.409240046111555e-07, 'epoch': 2.97}
{'loss': 0.9638, 'grad_norm': 4.090145111083984, 'learning_rate': 4.300789216990335e-07, 'epoch': 2.98}
{'loss': 0.8612, 'grad_norm': 2.4433794021606445, 'learning_rate': 3.1923383878691143e-07, 'epoch': 2.98}
{'loss': 0.9692, 'grad_norm': 4.352893829345703, 'learning_rate': 2.083887558747894e-07, 'epoch': 2.99}
{'loss': 0.9151, 'grad_norm': 2.758866786956787, 'learning_rate': 9.754367296266738e-08, 'epoch': 2.99}
{'train_runtime': 1193.5456, 'train_samples_per_second': 160.82, 'train_steps_per_second': 20.103, 'train_loss': 1.0648012720088795, 'epoch': 3.0}

----- Cleaner model: decoderclean_distilgpt2_sst2noise (decoder_only_cleaner) -----
{'loss': 3.1049, 'grad_norm': 18.302188873291016, 'learning_rate': 1.7361111111111112e-06, 'epoch': 0.01}
{'loss': 2.8473, 'grad_norm': 17.32990837097168, 'learning_rate': 3.4722222222222224e-06, 'epoch': 0.01}
{'loss': 2.6367, 'grad_norm': 7.355598449707031, 'learning_rate': 5.208333333333334e-06, 'epoch': 0.02}
{'loss': 2.3633, 'grad_norm': 11.901446342468262, 'learning_rate': 6.944444444444445e-06, 'epoch': 0.03}
{'loss': 2.2028, 'grad_norm': 13.972805976867676, 'learning_rate': 8.680555555555556e-06, 'epoch': 0.03}
{'loss': 2.046, 'grad_norm': 9.385931968688965, 'learning_rate': 1.0416666666666668e-05, 'epoch': 0.04}
{'loss': 2.0684, 'grad_norm': 9.79438304901123, 'learning_rate': 1.2152777777777779e-05, 'epoch': 0.04}
{'loss': 2.1538, 'grad_norm': 10.354974746704102, 'learning_rate': 1.388888888888889e-05, 'epoch': 0.05}
{'loss': 1.939, 'grad_norm': 13.47119426727295, 'learning_rate': 1.5625e-05, 'epoch': 0.06}
{'loss': 1.9562, 'grad_norm': 11.49182415008545, 'learning_rate': 1.736111111111111e-05, 'epoch': 0.06}
{'loss': 1.8859, 'grad_norm': 11.382753372192383, 'learning_rate': 1.9097222222222222e-05, 'epoch': 0.07}
{'loss': 1.9361, 'grad_norm': 9.38988208770752, 'learning_rate': 2.0833333333333336e-05, 'epoch': 0.08}
{'loss': 1.813, 'grad_norm': 7.787734508514404, 'learning_rate': 2.2569444444444447e-05, 'epoch': 0.08}
{'loss': 1.7886, 'grad_norm': 8.026168823242188, 'learning_rate': 2.4305555555555558e-05, 'epoch': 0.09}
{'loss': 1.9007, 'grad_norm': 11.521968841552734, 'learning_rate': 2.604166666666667e-05, 'epoch': 0.09}
{'loss': 1.8324, 'grad_norm': 15.790641784667969, 'learning_rate': 2.777777777777778e-05, 'epoch': 0.1}
{'loss': 1.6883, 'grad_norm': 10.796833038330078, 'learning_rate': 2.951388888888889e-05, 'epoch': 0.11}
{'loss': 1.8297, 'grad_norm': 9.666827201843262, 'learning_rate': 3.125e-05, 'epoch': 0.11}
{'loss': 1.7406, 'grad_norm': 9.41491985321045, 'learning_rate': 3.2986111111111115e-05, 'epoch': 0.12}
{'loss': 1.6937, 'grad_norm': 9.762028694152832, 'learning_rate': 3.472222222222222e-05, 'epoch': 0.13}
{'loss': 1.7634, 'grad_norm': 15.359441757202148, 'learning_rate': 3.6458333333333336e-05, 'epoch': 0.13}
{'loss': 1.6251, 'grad_norm': 9.00800609588623, 'learning_rate': 3.8194444444444444e-05, 'epoch': 0.14}
{'loss': 1.6826, 'grad_norm': 13.512989044189453, 'learning_rate': 3.993055555555556e-05, 'epoch': 0.14}
{'loss': 1.6015, 'grad_norm': 7.881481170654297, 'learning_rate': 4.166666666666667e-05, 'epoch': 0.15}
{'loss': 1.6691, 'grad_norm': 10.074942588806152, 'learning_rate': 4.340277777777778e-05, 'epoch': 0.16}
{'loss': 1.583, 'grad_norm': 10.379254341125488, 'learning_rate': 4.5138888888888894e-05, 'epoch': 0.16}
{'loss': 1.6306, 'grad_norm': 10.658205032348633, 'learning_rate': 4.6875e-05, 'epoch': 0.17}
{'loss': 1.5465, 'grad_norm': 7.796505928039551, 'learning_rate': 4.8611111111111115e-05, 'epoch': 0.18}
{'loss': 1.5819, 'grad_norm': 10.07323932647705, 'learning_rate': 4.997783098341758e-05, 'epoch': 0.18}
{'loss': 1.5433, 'grad_norm': 6.854875564575195, 'learning_rate': 4.986698590050546e-05, 'epoch': 0.19}
{'loss': 1.6077, 'grad_norm': 8.733628273010254, 'learning_rate': 4.9756140817593334e-05, 'epoch': 0.19}
{'loss': 1.5252, 'grad_norm': 8.524942398071289, 'learning_rate': 4.964529573468121e-05, 'epoch': 0.2}
{'loss': 1.574, 'grad_norm': 12.772770881652832, 'learning_rate': 4.9534450651769086e-05, 'epoch': 0.21}
{'loss': 1.4524, 'grad_norm': 6.725523471832275, 'learning_rate': 4.9423605568856966e-05, 'epoch': 0.21}
{'loss': 1.4708, 'grad_norm': 4.279390811920166, 'learning_rate': 4.9312760485944845e-05, 'epoch': 0.22}
{'loss': 1.5439, 'grad_norm': 8.555110931396484, 'learning_rate': 4.9201915403032725e-05, 'epoch': 0.23}
{'loss': 1.5612, 'grad_norm': 5.667253494262695, 'learning_rate': 4.9091070320120605e-05, 'epoch': 0.23}
{'loss': 1.5327, 'grad_norm': 10.374817848205566, 'learning_rate': 4.8980225237208484e-05, 'epoch': 0.24}
{'loss': 1.345, 'grad_norm': 8.531661033630371, 'learning_rate': 4.886938015429636e-05, 'epoch': 0.24}
{'loss': 1.4878, 'grad_norm': 6.066514492034912, 'learning_rate': 4.875853507138424e-05, 'epoch': 0.25}
{'loss': 1.4619, 'grad_norm': 6.782443046569824, 'learning_rate': 4.864768998847211e-05, 'epoch': 0.26}
{'loss': 1.451, 'grad_norm': 5.786841869354248, 'learning_rate': 4.853684490555999e-05, 'epoch': 0.26}
{'loss': 1.3863, 'grad_norm': 6.729341983795166, 'learning_rate': 4.842599982264787e-05, 'epoch': 0.27}
{'loss': 1.3684, 'grad_norm': 7.05367374420166, 'learning_rate': 4.831515473973575e-05, 'epoch': 0.28}
{'loss': 1.4623, 'grad_norm': 5.496946334838867, 'learning_rate': 4.820430965682363e-05, 'epoch': 0.28}
{'loss': 1.4337, 'grad_norm': 7.41373872756958, 'learning_rate': 4.80934645739115e-05, 'epoch': 0.29}
{'loss': 1.4107, 'grad_norm': 7.26800537109375, 'learning_rate': 4.798261949099938e-05, 'epoch': 0.29}
{'loss': 1.34, 'grad_norm': 7.533839225769043, 'learning_rate': 4.787177440808726e-05, 'epoch': 0.3}
{'loss': 1.3414, 'grad_norm': 9.813810348510742, 'learning_rate': 4.776092932517513e-05, 'epoch': 0.31}
{'loss': 1.2937, 'grad_norm': 5.787080764770508, 'learning_rate': 4.765008424226301e-05, 'epoch': 0.31}
{'loss': 1.3693, 'grad_norm': 5.356400966644287, 'learning_rate': 4.753923915935089e-05, 'epoch': 0.32}
{'loss': 1.3105, 'grad_norm': 5.497000694274902, 'learning_rate': 4.742839407643877e-05, 'epoch': 0.33}
{'loss': 1.3938, 'grad_norm': 9.425583839416504, 'learning_rate': 4.731754899352665e-05, 'epoch': 0.33}
{'loss': 1.3789, 'grad_norm': 8.064742088317871, 'learning_rate': 4.7206703910614525e-05, 'epoch': 0.34}
{'loss': 1.4272, 'grad_norm': 4.2778754234313965, 'learning_rate': 4.7095858827702404e-05, 'epoch': 0.34}
{'loss': 1.2313, 'grad_norm': 6.213271141052246, 'learning_rate': 4.6985013744790284e-05, 'epoch': 0.35}
{'loss': 1.3449, 'grad_norm': 5.220964431762695, 'learning_rate': 4.687416866187816e-05, 'epoch': 0.36}
{'loss': 1.2369, 'grad_norm': 5.854879379272461, 'learning_rate': 4.6763323578966037e-05, 'epoch': 0.36}
{'loss': 1.3358, 'grad_norm': 8.400323867797852, 'learning_rate': 4.6652478496053916e-05, 'epoch': 0.37}
{'loss': 1.2315, 'grad_norm': 4.864314556121826, 'learning_rate': 4.6541633413141796e-05, 'epoch': 0.38}
{'loss': 1.317, 'grad_norm': 5.886000156402588, 'learning_rate': 4.6430788330229676e-05, 'epoch': 0.38}
{'loss': 1.2307, 'grad_norm': 6.165903568267822, 'learning_rate': 4.631994324731755e-05, 'epoch': 0.39}
{'loss': 1.1736, 'grad_norm': 8.161540031433105, 'learning_rate': 4.620909816440543e-05, 'epoch': 0.39}
{'loss': 1.3728, 'grad_norm': 4.909920692443848, 'learning_rate': 4.609825308149331e-05, 'epoch': 0.4}
{'loss': 1.3043, 'grad_norm': 8.393330574035645, 'learning_rate': 4.598740799858118e-05, 'epoch': 0.41}
{'loss': 1.3476, 'grad_norm': 8.939610481262207, 'learning_rate': 4.587656291566906e-05, 'epoch': 0.41}
{'loss': 1.2944, 'grad_norm': 4.811985492706299, 'learning_rate': 4.576571783275695e-05, 'epoch': 0.42}
{'loss': 1.3244, 'grad_norm': 8.461645126342773, 'learning_rate': 4.565487274984482e-05, 'epoch': 0.43}
{'loss': 1.2004, 'grad_norm': 6.664327144622803, 'learning_rate': 4.55440276669327e-05, 'epoch': 0.43}
{'loss': 1.2724, 'grad_norm': 7.339836120605469, 'learning_rate': 4.543318258402057e-05, 'epoch': 0.44}
{'loss': 1.3146, 'grad_norm': 6.5332746505737305, 'learning_rate': 4.532233750110845e-05, 'epoch': 0.44}
{'loss': 1.1936, 'grad_norm': 5.719164848327637, 'learning_rate': 4.521149241819633e-05, 'epoch': 0.45}
{'loss': 1.279, 'grad_norm': 4.833017349243164, 'learning_rate': 4.5100647335284204e-05, 'epoch': 0.46}
{'loss': 1.2129, 'grad_norm': 6.253729820251465, 'learning_rate': 4.498980225237209e-05, 'epoch': 0.46}
{'loss': 1.1355, 'grad_norm': 4.8614678382873535, 'learning_rate': 4.487895716945997e-05, 'epoch': 0.47}
{'loss': 1.2314, 'grad_norm': 3.5495688915252686, 'learning_rate': 4.476811208654784e-05, 'epoch': 0.48}
{'loss': 1.1564, 'grad_norm': 6.359462738037109, 'learning_rate': 4.465726700363572e-05, 'epoch': 0.48}
{'loss': 1.2536, 'grad_norm': 8.310579299926758, 'learning_rate': 4.4546421920723596e-05, 'epoch': 0.49}
{'loss': 1.1598, 'grad_norm': 4.114991664886475, 'learning_rate': 4.4435576837811475e-05, 'epoch': 0.49}
{'loss': 1.1174, 'grad_norm': 3.698659896850586, 'learning_rate': 4.4324731754899355e-05, 'epoch': 0.5}
{'loss': 1.1391, 'grad_norm': 5.143072128295898, 'learning_rate': 4.4213886671987235e-05, 'epoch': 0.51}
{'loss': 1.2093, 'grad_norm': 5.107396602630615, 'learning_rate': 4.4103041589075114e-05, 'epoch': 0.51}
{'loss': 1.2056, 'grad_norm': 3.952061653137207, 'learning_rate': 4.3992196506162994e-05, 'epoch': 0.52}
{'loss': 1.1324, 'grad_norm': 7.826878547668457, 'learning_rate': 4.388135142325087e-05, 'epoch': 0.53}
{'loss': 1.1884, 'grad_norm': 7.4672441482543945, 'learning_rate': 4.3770506340338746e-05, 'epoch': 0.53}
{'loss': 1.1381, 'grad_norm': 5.524953365325928, 'learning_rate': 4.365966125742662e-05, 'epoch': 0.54}
{'loss': 1.1158, 'grad_norm': 6.04263973236084, 'learning_rate': 4.35488161745145e-05, 'epoch': 0.54}
{'loss': 1.1004, 'grad_norm': 3.2035164833068848, 'learning_rate': 4.343797109160238e-05, 'epoch': 0.55}
{'loss': 1.2043, 'grad_norm': 7.400264263153076, 'learning_rate': 4.332712600869026e-05, 'epoch': 0.56}
{'loss': 1.102, 'grad_norm': 4.4133758544921875, 'learning_rate': 4.321628092577814e-05, 'epoch': 0.56}
{'loss': 1.088, 'grad_norm': 3.580383062362671, 'learning_rate': 4.310543584286601e-05, 'epoch': 0.57}
{'loss': 1.1693, 'grad_norm': 3.461047887802124, 'learning_rate': 4.299459075995389e-05, 'epoch': 0.58}
{'loss': 1.184, 'grad_norm': 2.808476686477661, 'learning_rate': 4.288374567704177e-05, 'epoch': 0.58}
{'loss': 1.1813, 'grad_norm': 5.024499416351318, 'learning_rate': 4.277290059412964e-05, 'epoch': 0.59}
{'loss': 1.103, 'grad_norm': 6.637580394744873, 'learning_rate': 4.266205551121752e-05, 'epoch': 0.59}
{'loss': 1.1575, 'grad_norm': 7.505001068115234, 'learning_rate': 4.25512104283054e-05, 'epoch': 0.6}
{'loss': 1.1811, 'grad_norm': 6.34733247756958, 'learning_rate': 4.244036534539328e-05, 'epoch': 0.61}
{'loss': 1.066, 'grad_norm': 7.505246639251709, 'learning_rate': 4.232952026248116e-05, 'epoch': 0.61}
{'loss': 1.1556, 'grad_norm': 6.726268768310547, 'learning_rate': 4.2218675179569034e-05, 'epoch': 0.62}
{'loss': 0.9916, 'grad_norm': 6.116395473480225, 'learning_rate': 4.2107830096656914e-05, 'epoch': 0.63}
{'loss': 1.0865, 'grad_norm': 4.400423526763916, 'learning_rate': 4.1996985013744794e-05, 'epoch': 0.63}
{'loss': 1.1106, 'grad_norm': 6.158495903015137, 'learning_rate': 4.1886139930832667e-05, 'epoch': 0.64}
{'loss': 1.0954, 'grad_norm': 7.313019275665283, 'learning_rate': 4.1775294847920546e-05, 'epoch': 0.64}
{'loss': 1.0589, 'grad_norm': 10.155388832092285, 'learning_rate': 4.1664449765008426e-05, 'epoch': 0.65}
{'loss': 1.1007, 'grad_norm': 3.7168874740600586, 'learning_rate': 4.1553604682096305e-05, 'epoch': 0.66}
{'loss': 1.0963, 'grad_norm': 5.195576190948486, 'learning_rate': 4.1442759599184185e-05, 'epoch': 0.66}
{'loss': 1.1299, 'grad_norm': 7.458356857299805, 'learning_rate': 4.133191451627206e-05, 'epoch': 0.67}
{'loss': 1.1591, 'grad_norm': 5.332614898681641, 'learning_rate': 4.122106943335994e-05, 'epoch': 0.68}
{'loss': 1.0751, 'grad_norm': 6.135793685913086, 'learning_rate': 4.111022435044782e-05, 'epoch': 0.68}
{'loss': 1.0851, 'grad_norm': 6.0692338943481445, 'learning_rate': 4.099937926753569e-05, 'epoch': 0.69}
{'loss': 1.1344, 'grad_norm': 5.379205226898193, 'learning_rate': 4.088853418462357e-05, 'epoch': 0.69}
{'loss': 1.0652, 'grad_norm': 6.54635763168335, 'learning_rate': 4.077768910171145e-05, 'epoch': 0.7}
{'loss': 1.0717, 'grad_norm': 3.6224286556243896, 'learning_rate': 4.066684401879933e-05, 'epoch': 0.71}
{'loss': 1.0732, 'grad_norm': 9.256264686584473, 'learning_rate': 4.055599893588721e-05, 'epoch': 0.71}
{'loss': 1.0737, 'grad_norm': 5.264682769775391, 'learning_rate': 4.044515385297508e-05, 'epoch': 0.72}
{'loss': 1.0438, 'grad_norm': 4.362377643585205, 'learning_rate': 4.033430877006296e-05, 'epoch': 0.73}
{'loss': 1.0115, 'grad_norm': 2.2860636711120605, 'learning_rate': 4.022346368715084e-05, 'epoch': 0.73}
{'loss': 1.0852, 'grad_norm': 5.117304801940918, 'learning_rate': 4.0112618604238714e-05, 'epoch': 0.74}
{'loss': 0.9916, 'grad_norm': 6.575264930725098, 'learning_rate': 4.0001773521326593e-05, 'epoch': 0.74}
{'loss': 1.0043, 'grad_norm': 5.99625301361084, 'learning_rate': 3.989092843841448e-05, 'epoch': 0.75}
{'loss': 1.0937, 'grad_norm': 5.605392932891846, 'learning_rate': 3.978008335550235e-05, 'epoch': 0.76}
{'loss': 1.018, 'grad_norm': 4.572139263153076, 'learning_rate': 3.966923827259023e-05, 'epoch': 0.76}
{'loss': 1.1308, 'grad_norm': 4.594138145446777, 'learning_rate': 3.9558393189678105e-05, 'epoch': 0.77}
{'loss': 1.0387, 'grad_norm': 5.435848712921143, 'learning_rate': 3.9447548106765985e-05, 'epoch': 0.78}
{'loss': 1.0714, 'grad_norm': 4.015071868896484, 'learning_rate': 3.9336703023853865e-05, 'epoch': 0.78}
{'loss': 0.9828, 'grad_norm': 5.337198734283447, 'learning_rate': 3.922585794094174e-05, 'epoch': 0.79}
{'loss': 1.0734, 'grad_norm': 6.950188636779785, 'learning_rate': 3.911501285802962e-05, 'epoch': 0.79}
{'loss': 1.0193, 'grad_norm': 5.908654689788818, 'learning_rate': 3.90041677751175e-05, 'epoch': 0.8}
{'loss': 1.0388, 'grad_norm': 4.832244396209717, 'learning_rate': 3.8893322692205376e-05, 'epoch': 0.81}
{'loss': 0.9361, 'grad_norm': 5.163381576538086, 'learning_rate': 3.8782477609293256e-05, 'epoch': 0.81}
{'loss': 0.9926, 'grad_norm': 5.838107109069824, 'learning_rate': 3.867163252638113e-05, 'epoch': 0.82}
{'loss': 0.973, 'grad_norm': 4.375979423522949, 'learning_rate': 3.856078744346901e-05, 'epoch': 0.83}
{'loss': 1.1017, 'grad_norm': 7.1832098960876465, 'learning_rate': 3.844994236055689e-05, 'epoch': 0.83}
{'loss': 1.0802, 'grad_norm': 5.259401321411133, 'learning_rate': 3.833909727764476e-05, 'epoch': 0.84}
{'loss': 1.0299, 'grad_norm': 5.26310920715332, 'learning_rate': 3.822825219473265e-05, 'epoch': 0.84}
{'loss': 0.9829, 'grad_norm': 5.350029945373535, 'learning_rate': 3.811740711182052e-05, 'epoch': 0.85}
{'loss': 0.9235, 'grad_norm': 6.7929887771606445, 'learning_rate': 3.80065620289084e-05, 'epoch': 0.86}
{'loss': 1.0002, 'grad_norm': 6.058616638183594, 'learning_rate': 3.789571694599628e-05, 'epoch': 0.86}
{'loss': 1.0638, 'grad_norm': 7.6120076179504395, 'learning_rate': 3.778487186308415e-05, 'epoch': 0.87}
{'loss': 0.9753, 'grad_norm': 3.3249964714050293, 'learning_rate': 3.767402678017203e-05, 'epoch': 0.88}
{'loss': 1.0197, 'grad_norm': 6.568996906280518, 'learning_rate': 3.756318169725991e-05, 'epoch': 0.88}
{'loss': 0.9525, 'grad_norm': 4.559979438781738, 'learning_rate': 3.745233661434779e-05, 'epoch': 0.89}
{'loss': 1.0727, 'grad_norm': 8.127473831176758, 'learning_rate': 3.734149153143567e-05, 'epoch': 0.89}
{'loss': 0.8796, 'grad_norm': 3.123563289642334, 'learning_rate': 3.7230646448523544e-05, 'epoch': 0.9}
{'loss': 0.9421, 'grad_norm': 5.270692825317383, 'learning_rate': 3.7119801365611424e-05, 'epoch': 0.91}
{'loss': 0.9933, 'grad_norm': 4.2068891525268555, 'learning_rate': 3.70089562826993e-05, 'epoch': 0.91}
{'loss': 0.9581, 'grad_norm': 3.413753032684326, 'learning_rate': 3.6898111199787176e-05, 'epoch': 0.92}
{'loss': 1.0261, 'grad_norm': 4.877559661865234, 'learning_rate': 3.6787266116875056e-05, 'epoch': 0.93}
{'loss': 1.0514, 'grad_norm': 4.358282566070557, 'learning_rate': 3.6676421033962935e-05, 'epoch': 0.93}
{'loss': 0.9602, 'grad_norm': 6.976263999938965, 'learning_rate': 3.6565575951050815e-05, 'epoch': 0.94}
{'loss': 0.927, 'grad_norm': 7.664370536804199, 'learning_rate': 3.6454730868138695e-05, 'epoch': 0.94}
{'loss': 0.8841, 'grad_norm': 3.564223051071167, 'learning_rate': 3.634388578522657e-05, 'epoch': 0.95}
{'loss': 1.0151, 'grad_norm': 4.181931018829346, 'learning_rate': 3.623304070231445e-05, 'epoch': 0.96}
{'loss': 1.0255, 'grad_norm': 4.80994987487793, 'learning_rate': 3.612219561940233e-05, 'epoch': 0.96}
{'loss': 0.9738, 'grad_norm': 6.778465270996094, 'learning_rate': 3.60113505364902e-05, 'epoch': 0.97}
{'loss': 0.9647, 'grad_norm': 6.754553318023682, 'learning_rate': 3.590050545357808e-05, 'epoch': 0.98}
{'loss': 0.9699, 'grad_norm': 7.221776962280273, 'learning_rate': 3.578966037066596e-05, 'epoch': 0.98}
{'loss': 0.8568, 'grad_norm': 6.215532302856445, 'learning_rate': 3.567881528775384e-05, 'epoch': 0.99}
{'loss': 0.9184, 'grad_norm': 5.090974807739258, 'learning_rate': 3.556797020484172e-05, 'epoch': 0.99}
{'loss': 0.9232, 'grad_norm': 5.864939212799072, 'learning_rate': 3.545712512192959e-05, 'epoch': 1.0}
{'loss': 0.8627, 'grad_norm': 4.127230167388916, 'learning_rate': 3.534628003901747e-05, 'epoch': 1.01}
{'loss': 0.7617, 'grad_norm': 4.06345272064209, 'learning_rate': 3.523543495610535e-05, 'epoch': 1.01}
{'loss': 0.7372, 'grad_norm': 5.875247478485107, 'learning_rate': 3.5124589873193223e-05, 'epoch': 1.02}
{'loss': 0.9182, 'grad_norm': 13.674894332885742, 'learning_rate': 3.50137447902811e-05, 'epoch': 1.03}
{'loss': 0.8379, 'grad_norm': 6.075170516967773, 'learning_rate': 3.490289970736898e-05, 'epoch': 1.03}
{'loss': 0.8021, 'grad_norm': 9.473326683044434, 'learning_rate': 3.479205462445686e-05, 'epoch': 1.04}
{'loss': 0.7486, 'grad_norm': 5.3271164894104, 'learning_rate': 3.468120954154474e-05, 'epoch': 1.04}
{'loss': 0.7823, 'grad_norm': 4.035147666931152, 'learning_rate': 3.4570364458632615e-05, 'epoch': 1.05}
{'loss': 0.7678, 'grad_norm': 3.7755653858184814, 'learning_rate': 3.4459519375720495e-05, 'epoch': 1.06}
{'loss': 0.8492, 'grad_norm': 5.054708003997803, 'learning_rate': 3.4348674292808374e-05, 'epoch': 1.06}
{'loss': 0.7976, 'grad_norm': 5.618101119995117, 'learning_rate': 3.423782920989625e-05, 'epoch': 1.07}
{'loss': 0.8214, 'grad_norm': 5.369689464569092, 'learning_rate': 3.412698412698413e-05, 'epoch': 1.08}
{'loss': 0.9102, 'grad_norm': 5.031154632568359, 'learning_rate': 3.4016139044072006e-05, 'epoch': 1.08}
{'loss': 0.8166, 'grad_norm': 3.8497371673583984, 'learning_rate': 3.3905293961159886e-05, 'epoch': 1.09}
{'loss': 0.7888, 'grad_norm': 6.2304487228393555, 'learning_rate': 3.3794448878247766e-05, 'epoch': 1.09}
{'loss': 0.7868, 'grad_norm': 4.817375659942627, 'learning_rate': 3.368360379533564e-05, 'epoch': 1.1}
{'loss': 0.7979, 'grad_norm': 6.21044397354126, 'learning_rate': 3.357275871242352e-05, 'epoch': 1.11}
{'loss': 0.7769, 'grad_norm': 4.182136535644531, 'learning_rate': 3.34619136295114e-05, 'epoch': 1.11}
{'loss': 0.7958, 'grad_norm': 5.263664245605469, 'learning_rate': 3.335106854659927e-05, 'epoch': 1.12}
{'loss': 0.8303, 'grad_norm': 5.061316013336182, 'learning_rate': 3.324022346368715e-05, 'epoch': 1.13}
{'loss': 0.863, 'grad_norm': 7.952384948730469, 'learning_rate': 3.312937838077503e-05, 'epoch': 1.13}
{'loss': 0.7812, 'grad_norm': 5.444570541381836, 'learning_rate': 3.301853329786291e-05, 'epoch': 1.14}
{'loss': 0.7811, 'grad_norm': 7.175398349761963, 'learning_rate': 3.290768821495079e-05, 'epoch': 1.14}
{'loss': 0.7923, 'grad_norm': 4.252317905426025, 'learning_rate': 3.279684313203866e-05, 'epoch': 1.15}
{'loss': 0.8336, 'grad_norm': 4.612725734710693, 'learning_rate': 3.268599804912654e-05, 'epoch': 1.16}
{'loss': 0.7755, 'grad_norm': 5.114233016967773, 'learning_rate': 3.257515296621442e-05, 'epoch': 1.16}
{'loss': 0.8135, 'grad_norm': 6.150661468505859, 'learning_rate': 3.2464307883302294e-05, 'epoch': 1.17}
{'loss': 0.7355, 'grad_norm': 7.262500286102295, 'learning_rate': 3.235346280039018e-05, 'epoch': 1.18}
{'loss': 0.729, 'grad_norm': 5.25466251373291, 'learning_rate': 3.2242617717478054e-05, 'epoch': 1.18}
{'loss': 0.8156, 'grad_norm': 4.655084609985352, 'learning_rate': 3.213177263456593e-05, 'epoch': 1.19}
{'loss': 0.8556, 'grad_norm': 4.742079734802246, 'learning_rate': 3.202092755165381e-05, 'epoch': 1.19}
{'loss': 0.796, 'grad_norm': 7.646046161651611, 'learning_rate': 3.1910082468741686e-05, 'epoch': 1.2}
{'loss': 0.8398, 'grad_norm': 3.863736629486084, 'learning_rate': 3.1799237385829565e-05, 'epoch': 1.21}
{'loss': 0.7474, 'grad_norm': 6.546228885650635, 'learning_rate': 3.1688392302917445e-05, 'epoch': 1.21}
{'loss': 0.7817, 'grad_norm': 6.82320499420166, 'learning_rate': 3.157754722000532e-05, 'epoch': 1.22}
{'loss': 0.7926, 'grad_norm': 6.8692307472229, 'learning_rate': 3.1466702137093204e-05, 'epoch': 1.23}
{'loss': 0.8284, 'grad_norm': 5.897358417510986, 'learning_rate': 3.135585705418108e-05, 'epoch': 1.23}
{'loss': 0.7765, 'grad_norm': 4.186248779296875, 'learning_rate': 3.124501197126896e-05, 'epoch': 1.24}
{'loss': 0.7183, 'grad_norm': 5.57720947265625, 'learning_rate': 3.1134166888356837e-05, 'epoch': 1.24}
{'loss': 0.7607, 'grad_norm': 6.120124816894531, 'learning_rate': 3.102332180544471e-05, 'epoch': 1.25}
{'loss': 0.7353, 'grad_norm': 4.4466986656188965, 'learning_rate': 3.091247672253259e-05, 'epoch': 1.26}
{'loss': 0.7484, 'grad_norm': 5.26064920425415, 'learning_rate': 3.080163163962046e-05, 'epoch': 1.26}
{'loss': 0.7743, 'grad_norm': 5.927868366241455, 'learning_rate': 3.069078655670835e-05, 'epoch': 1.27}
{'loss': 0.8232, 'grad_norm': 4.428602695465088, 'learning_rate': 3.057994147379623e-05, 'epoch': 1.28}
{'loss': 0.8074, 'grad_norm': 6.864748001098633, 'learning_rate': 3.04690963908841e-05, 'epoch': 1.28}
{'loss': 0.7089, 'grad_norm': 5.412577152252197, 'learning_rate': 3.035825130797198e-05, 'epoch': 1.29}
{'loss': 0.7164, 'grad_norm': 6.240454196929932, 'learning_rate': 3.024740622505986e-05, 'epoch': 1.29}
{'loss': 0.7543, 'grad_norm': 4.016407012939453, 'learning_rate': 3.0136561142147733e-05, 'epoch': 1.3}
{'loss': 0.7616, 'grad_norm': 8.024735450744629, 'learning_rate': 3.0025716059235616e-05, 'epoch': 1.31}
{'loss': 0.7027, 'grad_norm': 2.8809988498687744, 'learning_rate': 2.991487097632349e-05, 'epoch': 1.31}
{'loss': 0.7473, 'grad_norm': 5.140000820159912, 'learning_rate': 2.980402589341137e-05, 'epoch': 1.32}
{'loss': 0.7246, 'grad_norm': 2.4488110542297363, 'learning_rate': 2.9693180810499248e-05, 'epoch': 1.33}
{'loss': 0.7849, 'grad_norm': 6.1166887283325195, 'learning_rate': 2.9582335727587124e-05, 'epoch': 1.33}
{'loss': 0.7938, 'grad_norm': 6.606872081756592, 'learning_rate': 2.9471490644675004e-05, 'epoch': 1.34}
{'loss': 0.7176, 'grad_norm': 4.259716987609863, 'learning_rate': 2.9360645561762884e-05, 'epoch': 1.34}
{'loss': 0.7126, 'grad_norm': 4.68589973449707, 'learning_rate': 2.924980047885076e-05, 'epoch': 1.35}
{'loss': 0.8083, 'grad_norm': 6.629431247711182, 'learning_rate': 2.913895539593864e-05, 'epoch': 1.36}
{'loss': 0.7228, 'grad_norm': 5.215010166168213, 'learning_rate': 2.9028110313026513e-05, 'epoch': 1.36}
{'loss': 0.7543, 'grad_norm': 6.736743927001953, 'learning_rate': 2.8917265230114392e-05, 'epoch': 1.37}
{'loss': 0.6138, 'grad_norm': 4.979635715484619, 'learning_rate': 2.8806420147202272e-05, 'epoch': 1.38}
{'loss': 0.7436, 'grad_norm': 6.930057525634766, 'learning_rate': 2.8695575064290148e-05, 'epoch': 1.38}
{'loss': 0.7437, 'grad_norm': 5.819628715515137, 'learning_rate': 2.8584729981378028e-05, 'epoch': 1.39}
{'loss': 0.7741, 'grad_norm': 3.841377019882202, 'learning_rate': 2.8473884898465907e-05, 'epoch': 1.39}
{'loss': 0.7477, 'grad_norm': 6.460099697113037, 'learning_rate': 2.8363039815553784e-05, 'epoch': 1.4}
{'loss': 0.7381, 'grad_norm': 3.356919050216675, 'learning_rate': 2.8252194732641663e-05, 'epoch': 1.41}
{'loss': 0.7387, 'grad_norm': 5.445427417755127, 'learning_rate': 2.8141349649729536e-05, 'epoch': 1.41}
{'loss': 0.7482, 'grad_norm': 5.431147575378418, 'learning_rate': 2.8030504566817416e-05, 'epoch': 1.42}
{'loss': 0.7282, 'grad_norm': 4.586309432983398, 'learning_rate': 2.79196594839053e-05, 'epoch': 1.43}
{'loss': 0.6953, 'grad_norm': 5.650198936462402, 'learning_rate': 2.7808814400993172e-05, 'epoch': 1.43}
{'loss': 0.7438, 'grad_norm': 3.556429147720337, 'learning_rate': 2.769796931808105e-05, 'epoch': 1.44}
{'loss': 0.7104, 'grad_norm': 4.615486145019531, 'learning_rate': 2.758712423516893e-05, 'epoch': 1.44}
{'loss': 0.7857, 'grad_norm': 5.498424530029297, 'learning_rate': 2.7476279152256807e-05, 'epoch': 1.45}
{'loss': 0.8678, 'grad_norm': 5.7624945640563965, 'learning_rate': 2.7365434069344687e-05, 'epoch': 1.46}
{'loss': 0.7507, 'grad_norm': 3.0389902591705322, 'learning_rate': 2.725458898643256e-05, 'epoch': 1.46}
{'loss': 0.7706, 'grad_norm': 4.211736679077148, 'learning_rate': 2.714374390352044e-05, 'epoch': 1.47}
{'loss': 0.8053, 'grad_norm': 4.085267543792725, 'learning_rate': 2.7032898820608322e-05, 'epoch': 1.48}
{'loss': 0.7855, 'grad_norm': 5.442203998565674, 'learning_rate': 2.6922053737696195e-05, 'epoch': 1.48}
{'loss': 0.7788, 'grad_norm': 3.580016613006592, 'learning_rate': 2.6811208654784075e-05, 'epoch': 1.49}
{'loss': 0.7707, 'grad_norm': 5.261831760406494, 'learning_rate': 2.6700363571871955e-05, 'epoch': 1.49}
{'loss': 0.7123, 'grad_norm': 2.804202079772949, 'learning_rate': 2.658951848895983e-05, 'epoch': 1.5}
{'loss': 0.737, 'grad_norm': 3.924740791320801, 'learning_rate': 2.647867340604771e-05, 'epoch': 1.51}
{'loss': 0.6348, 'grad_norm': 4.833966255187988, 'learning_rate': 2.6367828323135583e-05, 'epoch': 1.51}
{'loss': 0.7635, 'grad_norm': 4.023467063903809, 'learning_rate': 2.6256983240223466e-05, 'epoch': 1.52}
{'loss': 0.7596, 'grad_norm': 3.3585355281829834, 'learning_rate': 2.6146138157311346e-05, 'epoch': 1.53}
{'loss': 0.7216, 'grad_norm': 3.5559659004211426, 'learning_rate': 2.603529307439922e-05, 'epoch': 1.53}
{'loss': 0.7486, 'grad_norm': 4.664434909820557, 'learning_rate': 2.59244479914871e-05, 'epoch': 1.54}
{'loss': 0.7669, 'grad_norm': 4.363063812255859, 'learning_rate': 2.5813602908574975e-05, 'epoch': 1.54}
{'loss': 0.7239, 'grad_norm': 4.925590991973877, 'learning_rate': 2.5702757825662855e-05, 'epoch': 1.55}
{'loss': 0.6861, 'grad_norm': 7.614960193634033, 'learning_rate': 2.5591912742750734e-05, 'epoch': 1.56}
{'loss': 0.7494, 'grad_norm': 7.47406530380249, 'learning_rate': 2.548106765983861e-05, 'epoch': 1.56}
{'loss': 0.6939, 'grad_norm': 4.9529619216918945, 'learning_rate': 2.537022257692649e-05, 'epoch': 1.57}
{'loss': 0.6922, 'grad_norm': 4.0737690925598145, 'learning_rate': 2.525937749401437e-05, 'epoch': 1.58}
{'loss': 0.6925, 'grad_norm': 4.417121410369873, 'learning_rate': 2.5148532411102243e-05, 'epoch': 1.58}
{'loss': 0.7104, 'grad_norm': 4.275914192199707, 'learning_rate': 2.5037687328190122e-05, 'epoch': 1.59}
{'loss': 0.7047, 'grad_norm': 4.4966816902160645, 'learning_rate': 2.4926842245278002e-05, 'epoch': 1.59}
{'loss': 0.7405, 'grad_norm': 4.328492164611816, 'learning_rate': 2.4815997162365878e-05, 'epoch': 1.6}
{'loss': 0.7247, 'grad_norm': 4.511078357696533, 'learning_rate': 2.4705152079453754e-05, 'epoch': 1.61}
{'loss': 0.743, 'grad_norm': 4.857466697692871, 'learning_rate': 2.4594306996541634e-05, 'epoch': 1.61}
{'loss': 0.7437, 'grad_norm': 5.6549787521362305, 'learning_rate': 2.4483461913629514e-05, 'epoch': 1.62}
{'loss': 0.7617, 'grad_norm': 6.95385217666626, 'learning_rate': 2.437261683071739e-05, 'epoch': 1.63}
{'loss': 0.7714, 'grad_norm': 5.457081317901611, 'learning_rate': 2.4261771747805266e-05, 'epoch': 1.63}
{'loss': 0.6726, 'grad_norm': 5.432023525238037, 'learning_rate': 2.415092666489315e-05, 'epoch': 1.64}
{'loss': 0.6959, 'grad_norm': 2.67551326751709, 'learning_rate': 2.4040081581981026e-05, 'epoch': 1.64}
{'loss': 0.726, 'grad_norm': 7.309235572814941, 'learning_rate': 2.3929236499068902e-05, 'epoch': 1.65}
{'loss': 0.7205, 'grad_norm': 4.831348419189453, 'learning_rate': 2.3818391416156778e-05, 'epoch': 1.66}
{'loss': 0.6628, 'grad_norm': 5.096584320068359, 'learning_rate': 2.370754633324466e-05, 'epoch': 1.66}
{'loss': 0.663, 'grad_norm': 4.688928127288818, 'learning_rate': 2.3596701250332537e-05, 'epoch': 1.67}
{'loss': 0.7819, 'grad_norm': 6.584867477416992, 'learning_rate': 2.3485856167420414e-05, 'epoch': 1.68}
{'loss': 0.6781, 'grad_norm': 4.494932651519775, 'learning_rate': 2.337501108450829e-05, 'epoch': 1.68}
{'loss': 0.8026, 'grad_norm': 10.117079734802246, 'learning_rate': 2.3264166001596173e-05, 'epoch': 1.69}
{'loss': 0.7283, 'grad_norm': 4.661384582519531, 'learning_rate': 2.315332091868405e-05, 'epoch': 1.69}
{'loss': 0.713, 'grad_norm': 5.428675174713135, 'learning_rate': 2.3042475835771925e-05, 'epoch': 1.7}
{'loss': 0.7408, 'grad_norm': 3.6254167556762695, 'learning_rate': 2.2931630752859805e-05, 'epoch': 1.71}
{'loss': 0.6957, 'grad_norm': 5.447247505187988, 'learning_rate': 2.2820785669947685e-05, 'epoch': 1.71}
{'loss': 0.7022, 'grad_norm': 4.868290901184082, 'learning_rate': 2.270994058703556e-05, 'epoch': 1.72}
{'loss': 0.7424, 'grad_norm': 11.363839149475098, 'learning_rate': 2.2599095504123437e-05, 'epoch': 1.73}
{'loss': 0.7764, 'grad_norm': 9.36694622039795, 'learning_rate': 2.2488250421211317e-05, 'epoch': 1.73}
{'loss': 0.7196, 'grad_norm': 5.913394927978516, 'learning_rate': 2.2377405338299197e-05, 'epoch': 1.74}
{'loss': 0.6602, 'grad_norm': 3.7406468391418457, 'learning_rate': 2.2266560255387073e-05, 'epoch': 1.74}
{'loss': 0.6524, 'grad_norm': 3.810152530670166, 'learning_rate': 2.215571517247495e-05, 'epoch': 1.75}
{'loss': 0.73, 'grad_norm': 6.702045440673828, 'learning_rate': 2.204487008956283e-05, 'epoch': 1.76}
{'loss': 0.6796, 'grad_norm': 3.8146750926971436, 'learning_rate': 2.1934025006650705e-05, 'epoch': 1.76}
{'loss': 0.7171, 'grad_norm': 6.434329032897949, 'learning_rate': 2.1823179923738585e-05, 'epoch': 1.77}
{'loss': 0.6723, 'grad_norm': 3.7123045921325684, 'learning_rate': 2.171233484082646e-05, 'epoch': 1.78}
{'loss': 0.7537, 'grad_norm': 5.009738922119141, 'learning_rate': 2.160148975791434e-05, 'epoch': 1.78}
{'loss': 0.7109, 'grad_norm': 6.3842291831970215, 'learning_rate': 2.1490644675002217e-05, 'epoch': 1.79}
{'loss': 0.668, 'grad_norm': 6.5304155349731445, 'learning_rate': 2.1379799592090096e-05, 'epoch': 1.79}
{'loss': 0.6811, 'grad_norm': 3.1587045192718506, 'learning_rate': 2.1268954509177973e-05, 'epoch': 1.8}
{'loss': 0.6828, 'grad_norm': 5.888778209686279, 'learning_rate': 2.1158109426265852e-05, 'epoch': 1.81}
{'loss': 0.7174, 'grad_norm': 4.109943389892578, 'learning_rate': 2.104726434335373e-05, 'epoch': 1.81}
{'loss': 0.6236, 'grad_norm': 4.544394493103027, 'learning_rate': 2.0936419260441608e-05, 'epoch': 1.82}
{'loss': 0.6955, 'grad_norm': 4.752242088317871, 'learning_rate': 2.0825574177529484e-05, 'epoch': 1.83}
{'loss': 0.696, 'grad_norm': 4.659117221832275, 'learning_rate': 2.0714729094617364e-05, 'epoch': 1.83}
{'loss': 0.7465, 'grad_norm': 8.524559020996094, 'learning_rate': 2.060388401170524e-05, 'epoch': 1.84}
{'loss': 0.6767, 'grad_norm': 7.625400543212891, 'learning_rate': 2.049303892879312e-05, 'epoch': 1.84}
{'loss': 0.7405, 'grad_norm': 5.340219974517822, 'learning_rate': 2.0382193845881e-05, 'epoch': 1.85}
{'loss': 0.6834, 'grad_norm': 6.699904441833496, 'learning_rate': 2.0271348762968876e-05, 'epoch': 1.86}
{'loss': 0.7042, 'grad_norm': 6.799406051635742, 'learning_rate': 2.0160503680056752e-05, 'epoch': 1.86}
{'loss': 0.6621, 'grad_norm': 4.125460624694824, 'learning_rate': 2.0049658597144632e-05, 'epoch': 1.87}
{'loss': 0.7226, 'grad_norm': 6.570017337799072, 'learning_rate': 1.993881351423251e-05, 'epoch': 1.88}
{'loss': 0.6507, 'grad_norm': 3.1291513442993164, 'learning_rate': 1.9827968431320388e-05, 'epoch': 1.88}
{'loss': 0.7074, 'grad_norm': 6.0870771408081055, 'learning_rate': 1.9717123348408264e-05, 'epoch': 1.89}
{'loss': 0.7046, 'grad_norm': 7.416016101837158, 'learning_rate': 1.9606278265496144e-05, 'epoch': 1.89}
{'loss': 0.7036, 'grad_norm': 4.165818214416504, 'learning_rate': 1.9495433182584023e-05, 'epoch': 1.9}
{'loss': 0.6959, 'grad_norm': 2.5115773677825928, 'learning_rate': 1.93845880996719e-05, 'epoch': 1.91}
{'loss': 0.7213, 'grad_norm': 3.771583080291748, 'learning_rate': 1.9273743016759776e-05, 'epoch': 1.91}
{'loss': 0.6644, 'grad_norm': 4.163503646850586, 'learning_rate': 1.9162897933847655e-05, 'epoch': 1.92}
{'loss': 0.6554, 'grad_norm': 3.074639320373535, 'learning_rate': 1.9052052850935535e-05, 'epoch': 1.93}
{'loss': 0.7135, 'grad_norm': 4.984187602996826, 'learning_rate': 1.894120776802341e-05, 'epoch': 1.93}
{'loss': 0.7021, 'grad_norm': 6.27573299407959, 'learning_rate': 1.8830362685111288e-05, 'epoch': 1.94}
{'loss': 0.6834, 'grad_norm': 5.284466743469238, 'learning_rate': 1.8719517602199167e-05, 'epoch': 1.94}
{'loss': 0.6642, 'grad_norm': 3.4098727703094482, 'learning_rate': 1.8608672519287047e-05, 'epoch': 1.95}
{'loss': 0.6429, 'grad_norm': 3.6149632930755615, 'learning_rate': 1.8497827436374923e-05, 'epoch': 1.96}
{'loss': 0.6078, 'grad_norm': 3.689662218093872, 'learning_rate': 1.83869823534628e-05, 'epoch': 1.96}
{'loss': 0.7557, 'grad_norm': 3.3763959407806396, 'learning_rate': 1.827613727055068e-05, 'epoch': 1.97}
{'loss': 0.6535, 'grad_norm': 4.593133926391602, 'learning_rate': 1.816529218763856e-05, 'epoch': 1.98}
{'loss': 0.6972, 'grad_norm': 4.090617656707764, 'learning_rate': 1.8054447104726435e-05, 'epoch': 1.98}
{'loss': 0.69, 'grad_norm': 7.829630374908447, 'learning_rate': 1.794360202181431e-05, 'epoch': 1.99}
{'loss': 0.6467, 'grad_norm': 3.8147940635681152, 'learning_rate': 1.783275693890219e-05, 'epoch': 1.99}
{'loss': 0.6974, 'grad_norm': 4.8402557373046875, 'learning_rate': 1.772191185599007e-05, 'epoch': 2.0}
{'loss': 0.5582, 'grad_norm': 4.5451130867004395, 'learning_rate': 1.7611066773077947e-05, 'epoch': 2.01}
{'loss': 0.6232, 'grad_norm': 10.038443565368652, 'learning_rate': 1.7500221690165823e-05, 'epoch': 2.01}
{'loss': 0.5599, 'grad_norm': 5.561158180236816, 'learning_rate': 1.7389376607253703e-05, 'epoch': 2.02}
{'loss': 0.6153, 'grad_norm': 6.480504035949707, 'learning_rate': 1.7278531524341582e-05, 'epoch': 2.03}
{'loss': 0.5671, 'grad_norm': 4.254199504852295, 'learning_rate': 1.716768644142946e-05, 'epoch': 2.03}
{'loss': 0.6183, 'grad_norm': 4.720694065093994, 'learning_rate': 1.7056841358517335e-05, 'epoch': 2.04}
{'loss': 0.5364, 'grad_norm': 5.0600152015686035, 'learning_rate': 1.6945996275605215e-05, 'epoch': 2.04}
{'loss': 0.5557, 'grad_norm': 4.307680606842041, 'learning_rate': 1.6835151192693094e-05, 'epoch': 2.05}
{'loss': 0.5219, 'grad_norm': 5.369246959686279, 'learning_rate': 1.672430610978097e-05, 'epoch': 2.06}
{'loss': 0.569, 'grad_norm': 5.591157913208008, 'learning_rate': 1.661346102686885e-05, 'epoch': 2.06}
{'loss': 0.5179, 'grad_norm': 5.205617904663086, 'learning_rate': 1.6502615943956726e-05, 'epoch': 2.07}
{'loss': 0.4952, 'grad_norm': 4.223187446594238, 'learning_rate': 1.6391770861044606e-05, 'epoch': 2.08}
{'loss': 0.5686, 'grad_norm': 3.9243412017822266, 'learning_rate': 1.6280925778132482e-05, 'epoch': 2.08}
{'loss': 0.5524, 'grad_norm': 5.73807954788208, 'learning_rate': 1.6170080695220362e-05, 'epoch': 2.09}
{'loss': 0.5914, 'grad_norm': 4.984836101531982, 'learning_rate': 1.6059235612308238e-05, 'epoch': 2.09}
{'loss': 0.5627, 'grad_norm': 6.207636833190918, 'learning_rate': 1.5948390529396118e-05, 'epoch': 2.1}
{'loss': 0.5772, 'grad_norm': 2.3215248584747314, 'learning_rate': 1.5837545446483994e-05, 'epoch': 2.11}
{'loss': 0.6336, 'grad_norm': 6.620290279388428, 'learning_rate': 1.5726700363571874e-05, 'epoch': 2.11}
{'loss': 0.5887, 'grad_norm': 5.774117946624756, 'learning_rate': 1.561585528065975e-05, 'epoch': 2.12}
{'loss': 0.639, 'grad_norm': 5.412571907043457, 'learning_rate': 1.550501019774763e-05, 'epoch': 2.13}
{'loss': 0.5836, 'grad_norm': 4.337061405181885, 'learning_rate': 1.5394165114835506e-05, 'epoch': 2.13}
{'loss': 0.5722, 'grad_norm': 7.149509429931641, 'learning_rate': 1.5283320031923386e-05, 'epoch': 2.14}
{'loss': 0.6151, 'grad_norm': 3.3920645713806152, 'learning_rate': 1.5172474949011262e-05, 'epoch': 2.14}
{'loss': 0.586, 'grad_norm': 3.1756436824798584, 'learning_rate': 1.5061629866099141e-05, 'epoch': 2.15}
{'loss': 0.6268, 'grad_norm': 5.589633941650391, 'learning_rate': 1.495078478318702e-05, 'epoch': 2.16}
{'loss': 0.5897, 'grad_norm': 4.610358715057373, 'learning_rate': 1.4839939700274896e-05, 'epoch': 2.16}
{'loss': 0.5519, 'grad_norm': 4.902750015258789, 'learning_rate': 1.4729094617362774e-05, 'epoch': 2.17}
{'loss': 0.5576, 'grad_norm': 4.949947834014893, 'learning_rate': 1.4618249534450653e-05, 'epoch': 2.18}
{'loss': 0.5582, 'grad_norm': 4.0704569816589355, 'learning_rate': 1.4507404451538531e-05, 'epoch': 2.18}
{'loss': 0.5497, 'grad_norm': 3.4570107460021973, 'learning_rate': 1.4396559368626407e-05, 'epoch': 2.19}
{'loss': 0.5776, 'grad_norm': 5.846274375915527, 'learning_rate': 1.4285714285714285e-05, 'epoch': 2.19}
{'loss': 0.583, 'grad_norm': 4.384783744812012, 'learning_rate': 1.4174869202802165e-05, 'epoch': 2.2}
{'loss': 0.5985, 'grad_norm': 4.92491340637207, 'learning_rate': 1.4064024119890043e-05, 'epoch': 2.21}
{'loss': 0.5378, 'grad_norm': 3.0649402141571045, 'learning_rate': 1.3953179036977921e-05, 'epoch': 2.21}
{'loss': 0.5413, 'grad_norm': 10.473435401916504, 'learning_rate': 1.3842333954065797e-05, 'epoch': 2.22}
{'loss': 0.5893, 'grad_norm': 2.962054967880249, 'learning_rate': 1.3731488871153677e-05, 'epoch': 2.23}
{'loss': 0.6085, 'grad_norm': 5.262124538421631, 'learning_rate': 1.3620643788241555e-05, 'epoch': 2.23}
{'loss': 0.5275, 'grad_norm': 4.859335899353027, 'learning_rate': 1.3509798705329433e-05, 'epoch': 2.24}
{'loss': 0.5326, 'grad_norm': 4.148168563842773, 'learning_rate': 1.3398953622417309e-05, 'epoch': 2.24}
{'loss': 0.5739, 'grad_norm': 2.0157227516174316, 'learning_rate': 1.3288108539505187e-05, 'epoch': 2.25}
{'loss': 0.6109, 'grad_norm': 7.21060037612915, 'learning_rate': 1.3177263456593067e-05, 'epoch': 2.26}
{'loss': 0.5292, 'grad_norm': 8.876031875610352, 'learning_rate': 1.3066418373680945e-05, 'epoch': 2.26}
{'loss': 0.4822, 'grad_norm': 4.270812034606934, 'learning_rate': 1.2955573290768821e-05, 'epoch': 2.27}
{'loss': 0.5253, 'grad_norm': 4.2861328125, 'learning_rate': 1.2844728207856699e-05, 'epoch': 2.28}
{'loss': 0.5424, 'grad_norm': 10.037843704223633, 'learning_rate': 1.2733883124944578e-05, 'epoch': 2.28}
{'loss': 0.5462, 'grad_norm': 5.430114269256592, 'learning_rate': 1.2623038042032456e-05, 'epoch': 2.29}
{'loss': 0.6471, 'grad_norm': 6.826850891113281, 'learning_rate': 1.2512192959120333e-05, 'epoch': 2.29}
{'loss': 0.6351, 'grad_norm': 5.551174640655518, 'learning_rate': 1.2401347876208212e-05, 'epoch': 2.3}
{'loss': 0.5896, 'grad_norm': 5.113288879394531, 'learning_rate': 1.229050279329609e-05, 'epoch': 2.31}
{'loss': 0.5897, 'grad_norm': 3.779412031173706, 'learning_rate': 1.2179657710383968e-05, 'epoch': 2.31}
{'loss': 0.583, 'grad_norm': 6.768928050994873, 'learning_rate': 1.2068812627471846e-05, 'epoch': 2.32}
{'loss': 0.5886, 'grad_norm': 2.8644611835479736, 'learning_rate': 1.1957967544559724e-05, 'epoch': 2.33}
{'loss': 0.5135, 'grad_norm': 4.144846439361572, 'learning_rate': 1.1847122461647602e-05, 'epoch': 2.33}
{'loss': 0.5407, 'grad_norm': 6.14126443862915, 'learning_rate': 1.173627737873548e-05, 'epoch': 2.34}
{'loss': 0.5658, 'grad_norm': 5.140289783477783, 'learning_rate': 1.1625432295823358e-05, 'epoch': 2.34}
{'loss': 0.5668, 'grad_norm': 9.197141647338867, 'learning_rate': 1.1514587212911236e-05, 'epoch': 2.35}
{'loss': 0.527, 'grad_norm': 5.250635623931885, 'learning_rate': 1.1403742129999114e-05, 'epoch': 2.36}
{'loss': 0.5491, 'grad_norm': 6.968153476715088, 'learning_rate': 1.1292897047086992e-05, 'epoch': 2.36}
{'loss': 0.5635, 'grad_norm': 7.136632919311523, 'learning_rate': 1.118205196417487e-05, 'epoch': 2.37}
{'loss': 0.5388, 'grad_norm': 7.221105575561523, 'learning_rate': 1.1071206881262748e-05, 'epoch': 2.38}
{'loss': 0.582, 'grad_norm': 3.3478641510009766, 'learning_rate': 1.0960361798350626e-05, 'epoch': 2.38}
{'loss': 0.6069, 'grad_norm': 6.212543487548828, 'learning_rate': 1.0849516715438504e-05, 'epoch': 2.39}
{'loss': 0.506, 'grad_norm': 2.8231120109558105, 'learning_rate': 1.0738671632526382e-05, 'epoch': 2.39}
{'loss': 0.5169, 'grad_norm': 4.7172627449035645, 'learning_rate': 1.062782654961426e-05, 'epoch': 2.4}
{'loss': 0.5424, 'grad_norm': 5.0807342529296875, 'learning_rate': 1.0516981466702138e-05, 'epoch': 2.41}
{'loss': 0.5176, 'grad_norm': 4.705597400665283, 'learning_rate': 1.0406136383790015e-05, 'epoch': 2.41}
{'loss': 0.5643, 'grad_norm': 3.7624030113220215, 'learning_rate': 1.0295291300877893e-05, 'epoch': 2.42}
{'loss': 0.5752, 'grad_norm': 5.066005229949951, 'learning_rate': 1.0184446217965771e-05, 'epoch': 2.43}
{'loss': 0.6128, 'grad_norm': 4.218281269073486, 'learning_rate': 1.007360113505365e-05, 'epoch': 2.43}
{'loss': 0.5433, 'grad_norm': 2.523935317993164, 'learning_rate': 9.962756052141527e-06, 'epoch': 2.44}
{'loss': 0.5659, 'grad_norm': 8.637002944946289, 'learning_rate': 9.851910969229405e-06, 'epoch': 2.44}
{'loss': 0.5845, 'grad_norm': 3.978853940963745, 'learning_rate': 9.741065886317283e-06, 'epoch': 2.45}
{'loss': 0.5948, 'grad_norm': 5.216763019561768, 'learning_rate': 9.630220803405161e-06, 'epoch': 2.46}
{'loss': 0.4963, 'grad_norm': 3.8807759284973145, 'learning_rate': 9.51937572049304e-06, 'epoch': 2.46}
{'loss': 0.5733, 'grad_norm': 5.063930034637451, 'learning_rate': 9.408530637580917e-06, 'epoch': 2.47}
{'loss': 0.5772, 'grad_norm': 4.818521499633789, 'learning_rate': 9.297685554668795e-06, 'epoch': 2.48}
{'loss': 0.5641, 'grad_norm': 5.559447765350342, 'learning_rate': 9.186840471756673e-06, 'epoch': 2.48}
{'loss': 0.5537, 'grad_norm': 7.280916213989258, 'learning_rate': 9.075995388844551e-06, 'epoch': 2.49}
{'loss': 0.5508, 'grad_norm': 7.016107082366943, 'learning_rate': 8.965150305932429e-06, 'epoch': 2.49}
{'loss': 0.5394, 'grad_norm': 4.557168006896973, 'learning_rate': 8.854305223020307e-06, 'epoch': 2.5}
{'loss': 0.5623, 'grad_norm': 6.5283002853393555, 'learning_rate': 8.743460140108185e-06, 'epoch': 2.51}
{'loss': 0.5664, 'grad_norm': 10.021129608154297, 'learning_rate': 8.632615057196063e-06, 'epoch': 2.51}
{'loss': 0.5995, 'grad_norm': 4.096970081329346, 'learning_rate': 8.52176997428394e-06, 'epoch': 2.52}
{'loss': 0.5307, 'grad_norm': 3.4675304889678955, 'learning_rate': 8.410924891371819e-06, 'epoch': 2.53}
{'loss': 0.584, 'grad_norm': 6.31791877746582, 'learning_rate': 8.300079808459697e-06, 'epoch': 2.53}
{'loss': 0.5614, 'grad_norm': 7.1001105308532715, 'learning_rate': 8.189234725547575e-06, 'epoch': 2.54}
{'loss': 0.5355, 'grad_norm': 4.226588249206543, 'learning_rate': 8.078389642635453e-06, 'epoch': 2.54}
{'loss': 0.5974, 'grad_norm': 9.174478530883789, 'learning_rate': 7.96754455972333e-06, 'epoch': 2.55}
{'loss': 0.5317, 'grad_norm': 3.5476627349853516, 'learning_rate': 7.856699476811208e-06, 'epoch': 2.56}
{'loss': 0.5959, 'grad_norm': 4.826253890991211, 'learning_rate': 7.745854393899086e-06, 'epoch': 2.56}
{'loss': 0.5631, 'grad_norm': 4.464601993560791, 'learning_rate': 7.635009310986966e-06, 'epoch': 2.57}
{'loss': 0.5247, 'grad_norm': 8.334203720092773, 'learning_rate': 7.524164228074842e-06, 'epoch': 2.58}
{'loss': 0.556, 'grad_norm': 6.57474422454834, 'learning_rate': 7.413319145162721e-06, 'epoch': 2.58}
{'loss': 0.5345, 'grad_norm': 4.902399063110352, 'learning_rate': 7.302474062250598e-06, 'epoch': 2.59}
{'loss': 0.5661, 'grad_norm': 4.439882278442383, 'learning_rate': 7.191628979338477e-06, 'epoch': 2.59}
{'loss': 0.5979, 'grad_norm': 7.702061176300049, 'learning_rate': 7.080783896426355e-06, 'epoch': 2.6}
{'loss': 0.5545, 'grad_norm': 6.130441188812256, 'learning_rate': 6.969938813514233e-06, 'epoch': 2.61}
{'loss': 0.5191, 'grad_norm': 4.421880722045898, 'learning_rate': 6.859093730602111e-06, 'epoch': 2.61}
{'loss': 0.5278, 'grad_norm': 3.8332161903381348, 'learning_rate': 6.748248647689989e-06, 'epoch': 2.62}
{'loss': 0.5797, 'grad_norm': 6.493960380554199, 'learning_rate': 6.637403564777867e-06, 'epoch': 2.63}
{'loss': 0.6027, 'grad_norm': 9.492966651916504, 'learning_rate': 6.5265584818657456e-06, 'epoch': 2.63}
{'loss': 0.5291, 'grad_norm': 4.011780738830566, 'learning_rate': 6.415713398953623e-06, 'epoch': 2.64}
{'loss': 0.5693, 'grad_norm': 3.751770257949829, 'learning_rate': 6.3048683160415015e-06, 'epoch': 2.64}
{'loss': 0.5503, 'grad_norm': 3.42073392868042, 'learning_rate': 6.1940232331293786e-06, 'epoch': 2.65}
{'loss': 0.5218, 'grad_norm': 3.530851125717163, 'learning_rate': 6.0831781502172565e-06, 'epoch': 2.66}
{'loss': 0.5643, 'grad_norm': 6.142065048217773, 'learning_rate': 5.9723330673051345e-06, 'epoch': 2.66}
{'loss': 0.5036, 'grad_norm': 4.659919738769531, 'learning_rate': 5.8614879843930124e-06, 'epoch': 2.67}
{'loss': 0.5507, 'grad_norm': 6.158872604370117, 'learning_rate': 5.75064290148089e-06, 'epoch': 2.68}
{'loss': 0.5116, 'grad_norm': 4.6762518882751465, 'learning_rate': 5.639797818568768e-06, 'epoch': 2.68}
{'loss': 0.5425, 'grad_norm': 2.4510269165039062, 'learning_rate': 5.528952735656646e-06, 'epoch': 2.69}
{'loss': 0.6002, 'grad_norm': 7.455983638763428, 'learning_rate': 5.418107652744524e-06, 'epoch': 2.69}
{'loss': 0.5802, 'grad_norm': 6.311151027679443, 'learning_rate': 5.307262569832402e-06, 'epoch': 2.7}
{'loss': 0.5418, 'grad_norm': 3.588071584701538, 'learning_rate': 5.19641748692028e-06, 'epoch': 2.71}
{'loss': 0.6516, 'grad_norm': 5.76735258102417, 'learning_rate': 5.085572404008158e-06, 'epoch': 2.71}
{'loss': 0.5357, 'grad_norm': 7.499470233917236, 'learning_rate': 4.974727321096036e-06, 'epoch': 2.72}
{'loss': 0.5717, 'grad_norm': 5.914247512817383, 'learning_rate': 4.863882238183914e-06, 'epoch': 2.73}
{'loss': 0.5065, 'grad_norm': 5.848535060882568, 'learning_rate': 4.753037155271793e-06, 'epoch': 2.73}
{'loss': 0.6025, 'grad_norm': 6.266399383544922, 'learning_rate': 4.642192072359671e-06, 'epoch': 2.74}
{'loss': 0.5544, 'grad_norm': 3.7384676933288574, 'learning_rate': 4.531346989447549e-06, 'epoch': 2.74}
{'loss': 0.5001, 'grad_norm': 2.4755499362945557, 'learning_rate': 4.420501906535427e-06, 'epoch': 2.75}
{'loss': 0.531, 'grad_norm': 4.491275787353516, 'learning_rate': 4.309656823623305e-06, 'epoch': 2.76}
{'loss': 0.4759, 'grad_norm': 4.275571346282959, 'learning_rate': 4.198811740711183e-06, 'epoch': 2.76}
{'loss': 0.6088, 'grad_norm': 4.548602104187012, 'learning_rate': 4.0879666577990605e-06, 'epoch': 2.77}
{'loss': 0.538, 'grad_norm': 4.790134906768799, 'learning_rate': 3.9771215748869385e-06, 'epoch': 2.78}
{'loss': 0.6325, 'grad_norm': 9.91429615020752, 'learning_rate': 3.8662764919748164e-06, 'epoch': 2.78}
{'loss': 0.5388, 'grad_norm': 4.349565505981445, 'learning_rate': 3.7554314090626944e-06, 'epoch': 2.79}
{'loss': 0.5888, 'grad_norm': 2.4689972400665283, 'learning_rate': 3.6445863261505723e-06, 'epoch': 2.79}
{'loss': 0.5407, 'grad_norm': 3.186619758605957, 'learning_rate': 3.5337412432384503e-06, 'epoch': 2.8}
{'loss': 0.5227, 'grad_norm': 5.1136250495910645, 'learning_rate': 3.4228961603263283e-06, 'epoch': 2.81}
{'loss': 0.5348, 'grad_norm': 6.086645603179932, 'learning_rate': 3.312051077414206e-06, 'epoch': 2.81}
{'loss': 0.4976, 'grad_norm': 4.237089157104492, 'learning_rate': 3.201205994502084e-06, 'epoch': 2.82}
{'loss': 0.5426, 'grad_norm': 5.173663139343262, 'learning_rate': 3.090360911589962e-06, 'epoch': 2.83}
{'loss': 0.5396, 'grad_norm': 4.178493022918701, 'learning_rate': 2.97951582867784e-06, 'epoch': 2.83}
{'loss': 0.5443, 'grad_norm': 5.154001712799072, 'learning_rate': 2.868670745765718e-06, 'epoch': 2.84}
{'loss': 0.5237, 'grad_norm': 6.062887668609619, 'learning_rate': 2.757825662853596e-06, 'epoch': 2.84}
{'loss': 0.5567, 'grad_norm': 2.904592752456665, 'learning_rate': 2.646980579941474e-06, 'epoch': 2.85}
{'loss': 0.5509, 'grad_norm': 4.150993347167969, 'learning_rate': 2.536135497029352e-06, 'epoch': 2.86}
{'loss': 0.5871, 'grad_norm': 5.845173358917236, 'learning_rate': 2.42529041411723e-06, 'epoch': 2.86}
{'loss': 0.5336, 'grad_norm': 9.052433013916016, 'learning_rate': 2.314445331205108e-06, 'epoch': 2.87}
{'loss': 0.5798, 'grad_norm': 3.8791344165802, 'learning_rate': 2.2036002482929857e-06, 'epoch': 2.88}
{'loss': 0.5072, 'grad_norm': 11.657315254211426, 'learning_rate': 2.092755165380864e-06, 'epoch': 2.88}
{'loss': 0.5128, 'grad_norm': 8.121984481811523, 'learning_rate': 1.981910082468742e-06, 'epoch': 2.89}
{'loss': 0.5098, 'grad_norm': 2.495694398880005, 'learning_rate': 1.8710649995566198e-06, 'epoch': 2.89}
{'loss': 0.5126, 'grad_norm': 3.876641035079956, 'learning_rate': 1.7602199166444976e-06, 'epoch': 2.9}
{'loss': 0.5887, 'grad_norm': 3.75557017326355, 'learning_rate': 1.6493748337323755e-06, 'epoch': 2.91}
{'loss': 0.5984, 'grad_norm': 4.393147945404053, 'learning_rate': 1.5385297508202537e-06, 'epoch': 2.91}
{'loss': 0.5918, 'grad_norm': 8.513468742370605, 'learning_rate': 1.4276846679081316e-06, 'epoch': 2.92}
{'loss': 0.5739, 'grad_norm': 4.973177909851074, 'learning_rate': 1.3168395849960098e-06, 'epoch': 2.93}
{'loss': 0.5001, 'grad_norm': 5.828276634216309, 'learning_rate': 1.2059945020838875e-06, 'epoch': 2.93}
{'loss': 0.496, 'grad_norm': 6.849082946777344, 'learning_rate': 1.0951494191717655e-06, 'epoch': 2.94}
{'loss': 0.5429, 'grad_norm': 6.299820899963379, 'learning_rate': 9.843043362596434e-07, 'epoch': 2.94}
{'loss': 0.5041, 'grad_norm': 2.7038025856018066, 'learning_rate': 8.734592533475215e-07, 'epoch': 2.95}
{'loss': 0.501, 'grad_norm': 2.4675068855285645, 'learning_rate': 7.626141704353996e-07, 'epoch': 2.96}
{'loss': 0.5167, 'grad_norm': 4.0934882164001465, 'learning_rate': 6.517690875232775e-07, 'epoch': 2.96}
{'loss': 0.5237, 'grad_norm': 4.790669918060303, 'learning_rate': 5.409240046111555e-07, 'epoch': 2.97}
{'loss': 0.5699, 'grad_norm': 6.804964542388916, 'learning_rate': 4.300789216990335e-07, 'epoch': 2.98}
{'loss': 0.4972, 'grad_norm': 4.095120906829834, 'learning_rate': 3.1923383878691143e-07, 'epoch': 2.98}
{'loss': 0.5923, 'grad_norm': 4.8600287437438965, 'learning_rate': 2.083887558747894e-07, 'epoch': 2.99}
{'loss': 0.5777, 'grad_norm': 5.977602481842041, 'learning_rate': 9.754367296266738e-08, 'epoch': 2.99}
{'train_runtime': 758.2144, 'train_samples_per_second': 253.155, 'train_steps_per_second': 31.645, 'train_loss': 0.8686489602213175, 'epoch': 3.0}

========== Step 6: Algorithmic cleaning baseline ==========

========== Step 7: Evaluate cleaned validation inputs ==========
Evaluating distilbert_sst2 on ediclean_t5small_sst2noise-cleaned validation
Evaluating distilbert_sst2 on decoderclean_distilgpt2_sst2noise-cleaned validation
Evaluating distilbert_sst2 on ruleclean-cleaned validation
Evaluating distilgpt2_sst2 on ediclean_t5small_sst2noise-cleaned validation
Evaluating distilgpt2_sst2 on decoderclean_distilgpt2_sst2noise-cleaned validation
Evaluating distilgpt2_sst2 on ruleclean-cleaned validation
Evaluating t5small_sst2 on ediclean_t5small_sst2noise-cleaned validation
Evaluating t5small_sst2 on decoderclean_distilgpt2_sst2noise-cleaned validation
Evaluating t5small_sst2 on ruleclean-cleaned validation

Saved results to: outputs/results.json
Saved predictions to: outputs/predictions.json
