Running on node: hpc-dgx-b-1
Mon Jun  1 01:37:27 2026       
+-----------------------------------------------------------------------------------------+
| NVIDIA-SMI 570.211.01             Driver Version: 570.211.01     CUDA Version: 12.8     |
|-----------------------------------------+------------------------+----------------------+
| GPU  Name                 Persistence-M | Bus-Id          Disp.A | Volatile Uncorr. ECC |
| Fan  Temp   Perf          Pwr:Usage/Cap |           Memory-Usage | GPU-Util  Compute M. |
|                                         |                        |               MIG M. |
|=========================================+========================+======================|
|   0  NVIDIA A100-SXM4-40GB          On  |   00000000:47:00.0 Off |                    0 |
| N/A   30C    P0             55W /  400W |       0MiB /  40960MiB |      0%      Default |
|                                         |                        |             Disabled |
+-----------------------------------------+------------------------+----------------------+
                                                                                         
+-----------------------------------------------------------------------------------------+
| Processes:                                                                              |
|  GPU   GI   CI              PID   Type   Process name                        GPU Memory |
|        ID   ID                                                               Usage      |
|=========================================================================================|
|  No running processes found                                                             |
+-----------------------------------------------------------------------------------------+
/opt/apps/eb/software/Miniconda3/4.9.2/bin/python
CUDA available: True
GPU: NVIDIA A100-SXM4-40GB

========== Step 1: Load downstream text-classification dataset ==========
Resolved downstream dataset: {'provider': 'glue', 'name': 'sst2', 'train_split': 'train', 'validation_split': 'validation', 'test_split': 'test', 'text_field': 'sentence', 'label_field': 'label', 'label_names': {0: 'negative', 1: 'positive'}, 'task_type': 'sentiment', 'dataset_key': 'sst2', 'max_train_samples': None, 'max_eval_samples': None, 'max_test_samples': None, 'balanced_sampling': True, 'shuffle_before_select': True}
Downstream train examples: 67349
Downstream validation examples: 872
Downstream test examples: 1821
Validation label counts: {0: 428, 1: 444}

========== Step 2: Generate human-like noisy downstream splits ==========

========== Step 3: Train/load downstream sentiment models ==========

----- Downstream model: distilbert_sst2_confidence (encoder_only) -----
{'loss': 0.7001, 'grad_norm': 1.0533260107040405, 'learning_rate': 1.3192612137203166e-06, 'epoch': 0.01}
{'loss': 0.6968, 'grad_norm': 1.9917213916778564, 'learning_rate': 2.6385224274406333e-06, 'epoch': 0.02}
{'loss': 0.683, 'grad_norm': 1.2718267440795898, 'learning_rate': 3.95778364116095e-06, 'epoch': 0.04}
{'loss': 0.6375, 'grad_norm': 2.7081515789031982, 'learning_rate': 5.2770448548812665e-06, 'epoch': 0.05}
{'loss': 0.4918, 'grad_norm': 4.672253608703613, 'learning_rate': 6.596306068601583e-06, 'epoch': 0.06}
{'loss': 0.3485, 'grad_norm': 5.31213903427124, 'learning_rate': 7.9155672823219e-06, 'epoch': 0.07}
{'loss': 0.3747, 'grad_norm': 9.020769119262695, 'learning_rate': 9.234828496042218e-06, 'epoch': 0.08}
{'loss': 0.3279, 'grad_norm': 14.607529640197754, 'learning_rate': 1.0554089709762533e-05, 'epoch': 0.1}
{'loss': 0.2991, 'grad_norm': 11.827408790588379, 'learning_rate': 1.1873350923482852e-05, 'epoch': 0.11}
{'loss': 0.3379, 'grad_norm': 0.8845367431640625, 'learning_rate': 1.3192612137203167e-05, 'epoch': 0.12}
{'loss': 0.3394, 'grad_norm': 13.822752952575684, 'learning_rate': 1.4511873350923484e-05, 'epoch': 0.13}
{'loss': 0.3365, 'grad_norm': 11.187786102294922, 'learning_rate': 1.58311345646438e-05, 'epoch': 0.14}
{'loss': 0.2877, 'grad_norm': 6.490624904632568, 'learning_rate': 1.7150395778364116e-05, 'epoch': 0.15}
{'loss': 0.3255, 'grad_norm': 5.8290019035339355, 'learning_rate': 1.8469656992084436e-05, 'epoch': 0.17}
{'loss': 0.3193, 'grad_norm': 14.176824569702148, 'learning_rate': 1.978891820580475e-05, 'epoch': 0.18}
{'loss': 0.2869, 'grad_norm': 9.109345436096191, 'learning_rate': 1.992924528301887e-05, 'epoch': 0.19}
{'loss': 0.2918, 'grad_norm': 6.509203910827637, 'learning_rate': 1.984501347708895e-05, 'epoch': 0.2}
{'loss': 0.2985, 'grad_norm': 9.278359413146973, 'learning_rate': 1.976078167115903e-05, 'epoch': 0.21}
{'loss': 0.2848, 'grad_norm': 7.802874565124512, 'learning_rate': 1.9676549865229113e-05, 'epoch': 0.23}
{'loss': 0.2318, 'grad_norm': 3.458512306213379, 'learning_rate': 1.9592318059299192e-05, 'epoch': 0.24}
{'loss': 0.2736, 'grad_norm': 6.616208076477051, 'learning_rate': 1.9508086253369275e-05, 'epoch': 0.25}
{'loss': 0.2565, 'grad_norm': 11.375761985778809, 'learning_rate': 1.9423854447439354e-05, 'epoch': 0.26}
{'loss': 0.2823, 'grad_norm': 11.092734336853027, 'learning_rate': 1.9339622641509436e-05, 'epoch': 0.27}
{'loss': 0.2362, 'grad_norm': 12.497553825378418, 'learning_rate': 1.9255390835579518e-05, 'epoch': 0.29}
{'loss': 0.3088, 'grad_norm': 9.622413635253906, 'learning_rate': 1.9171159029649597e-05, 'epoch': 0.3}
{'loss': 0.2488, 'grad_norm': 1.3380271196365356, 'learning_rate': 1.908692722371968e-05, 'epoch': 0.31}
{'loss': 0.2478, 'grad_norm': 7.9443159103393555, 'learning_rate': 1.9002695417789758e-05, 'epoch': 0.32}
{'loss': 0.2733, 'grad_norm': 15.900284767150879, 'learning_rate': 1.891846361185984e-05, 'epoch': 0.33}
{'loss': 0.251, 'grad_norm': 5.5912089347839355, 'learning_rate': 1.8834231805929923e-05, 'epoch': 0.34}
{'loss': 0.2472, 'grad_norm': 5.0782318115234375, 'learning_rate': 1.8750000000000002e-05, 'epoch': 0.36}
{'loss': 0.2303, 'grad_norm': 2.888258457183838, 'learning_rate': 1.866576819407008e-05, 'epoch': 0.37}
{'loss': 0.2443, 'grad_norm': 2.772035598754883, 'learning_rate': 1.8581536388140163e-05, 'epoch': 0.38}
{'loss': 0.2163, 'grad_norm': 2.279252290725708, 'learning_rate': 1.8497304582210245e-05, 'epoch': 0.39}
{'loss': 0.2158, 'grad_norm': 7.317783832550049, 'learning_rate': 1.8413072776280324e-05, 'epoch': 0.4}
{'loss': 0.207, 'grad_norm': 5.180891036987305, 'learning_rate': 1.8328840970350406e-05, 'epoch': 0.42}
{'loss': 0.2351, 'grad_norm': 7.90703010559082, 'learning_rate': 1.8244609164420485e-05, 'epoch': 0.43}
{'loss': 0.214, 'grad_norm': 0.33554956316947937, 'learning_rate': 1.8160377358490568e-05, 'epoch': 0.44}
{'loss': 0.216, 'grad_norm': 9.402323722839355, 'learning_rate': 1.807614555256065e-05, 'epoch': 0.45}
{'loss': 0.1867, 'grad_norm': 8.608129501342773, 'learning_rate': 1.799191374663073e-05, 'epoch': 0.46}
{'loss': 0.1987, 'grad_norm': 12.074668884277344, 'learning_rate': 1.790768194070081e-05, 'epoch': 0.48}
{'loss': 0.2646, 'grad_norm': 14.273613929748535, 'learning_rate': 1.782345013477089e-05, 'epoch': 0.49}
{'loss': 0.1847, 'grad_norm': 4.046627044677734, 'learning_rate': 1.7739218328840972e-05, 'epoch': 0.5}
{'loss': 0.2495, 'grad_norm': 5.7179341316223145, 'learning_rate': 1.765498652291105e-05, 'epoch': 0.51}
{'loss': 0.2163, 'grad_norm': 4.570598602294922, 'learning_rate': 1.7570754716981134e-05, 'epoch': 0.52}
{'loss': 0.1778, 'grad_norm': 0.8152758479118347, 'learning_rate': 1.7486522911051212e-05, 'epoch': 0.53}
{'loss': 0.2607, 'grad_norm': 14.907215118408203, 'learning_rate': 1.7402291105121295e-05, 'epoch': 0.55}
{'loss': 0.2725, 'grad_norm': 4.976088523864746, 'learning_rate': 1.7318059299191377e-05, 'epoch': 0.56}
{'loss': 0.2113, 'grad_norm': 2.674410104751587, 'learning_rate': 1.7233827493261456e-05, 'epoch': 0.57}
{'loss': 0.2125, 'grad_norm': 2.936312198638916, 'learning_rate': 1.7149595687331538e-05, 'epoch': 0.58}
{'loss': 0.1795, 'grad_norm': 4.2571563720703125, 'learning_rate': 1.7065363881401617e-05, 'epoch': 0.59}
{'loss': 0.1956, 'grad_norm': 9.031684875488281, 'learning_rate': 1.69811320754717e-05, 'epoch': 0.61}
{'loss': 0.2443, 'grad_norm': 8.72878360748291, 'learning_rate': 1.6896900269541782e-05, 'epoch': 0.62}
{'loss': 0.21, 'grad_norm': 1.414151906967163, 'learning_rate': 1.681266846361186e-05, 'epoch': 0.63}
{'loss': 0.2198, 'grad_norm': 18.834022521972656, 'learning_rate': 1.6728436657681943e-05, 'epoch': 0.64}
{'loss': 0.2116, 'grad_norm': 3.893939256668091, 'learning_rate': 1.6644204851752025e-05, 'epoch': 0.65}
{'loss': 0.2145, 'grad_norm': 10.987064361572266, 'learning_rate': 1.6559973045822104e-05, 'epoch': 0.67}
{'loss': 0.1685, 'grad_norm': 6.996497631072998, 'learning_rate': 1.6475741239892183e-05, 'epoch': 0.68}
{'loss': 0.2096, 'grad_norm': 1.1111112833023071, 'learning_rate': 1.6391509433962265e-05, 'epoch': 0.69}
{'loss': 0.1761, 'grad_norm': 9.131208419799805, 'learning_rate': 1.6307277628032344e-05, 'epoch': 0.7}
{'loss': 0.1989, 'grad_norm': 14.461482048034668, 'learning_rate': 1.6223045822102427e-05, 'epoch': 0.71}
{'loss': 0.2266, 'grad_norm': 11.764710426330566, 'learning_rate': 1.613881401617251e-05, 'epoch': 0.72}
{'loss': 0.1629, 'grad_norm': 2.6406400203704834, 'learning_rate': 1.6054582210242588e-05, 'epoch': 0.74}
{'loss': 0.2377, 'grad_norm': 5.906344413757324, 'learning_rate': 1.597035040431267e-05, 'epoch': 0.75}
{'loss': 0.1706, 'grad_norm': 0.2142156958580017, 'learning_rate': 1.5886118598382752e-05, 'epoch': 0.76}
{'loss': 0.2066, 'grad_norm': 6.244516849517822, 'learning_rate': 1.580188679245283e-05, 'epoch': 0.77}
{'loss': 0.2194, 'grad_norm': 3.157090425491333, 'learning_rate': 1.5717654986522914e-05, 'epoch': 0.78}
{'loss': 0.1903, 'grad_norm': 8.700326919555664, 'learning_rate': 1.5633423180592992e-05, 'epoch': 0.8}
{'loss': 0.2048, 'grad_norm': 4.724562168121338, 'learning_rate': 1.5549191374663075e-05, 'epoch': 0.81}
{'loss': 0.1564, 'grad_norm': 5.817229747772217, 'learning_rate': 1.5464959568733157e-05, 'epoch': 0.82}
{'loss': 0.1769, 'grad_norm': 2.1169185638427734, 'learning_rate': 1.5380727762803236e-05, 'epoch': 0.83}
{'loss': 0.1847, 'grad_norm': 6.793460845947266, 'learning_rate': 1.5296495956873315e-05, 'epoch': 0.84}
{'loss': 0.1618, 'grad_norm': 5.857724189758301, 'learning_rate': 1.5212264150943397e-05, 'epoch': 0.86}
{'loss': 0.1749, 'grad_norm': 12.69273567199707, 'learning_rate': 1.512803234501348e-05, 'epoch': 0.87}
{'loss': 0.1941, 'grad_norm': 5.2856550216674805, 'learning_rate': 1.504380053908356e-05, 'epoch': 0.88}
{'loss': 0.1952, 'grad_norm': 8.964338302612305, 'learning_rate': 1.495956873315364e-05, 'epoch': 0.89}
{'loss': 0.202, 'grad_norm': 0.8506768941879272, 'learning_rate': 1.487533692722372e-05, 'epoch': 0.9}
{'loss': 0.2042, 'grad_norm': 0.8290106058120728, 'learning_rate': 1.4791105121293804e-05, 'epoch': 0.91}
{'loss': 0.1727, 'grad_norm': 5.583001613616943, 'learning_rate': 1.4706873315363882e-05, 'epoch': 0.93}
{'loss': 0.2315, 'grad_norm': 10.090497970581055, 'learning_rate': 1.4622641509433963e-05, 'epoch': 0.94}
{'loss': 0.1939, 'grad_norm': 11.267122268676758, 'learning_rate': 1.4538409703504044e-05, 'epoch': 0.95}
{'loss': 0.1837, 'grad_norm': 2.9303226470947266, 'learning_rate': 1.4454177897574124e-05, 'epoch': 0.96}
{'loss': 0.1649, 'grad_norm': 0.676680326461792, 'learning_rate': 1.4369946091644207e-05, 'epoch': 0.97}
{'loss': 0.1635, 'grad_norm': 7.870464324951172, 'learning_rate': 1.4285714285714287e-05, 'epoch': 0.99}
{'loss': 0.1874, 'grad_norm': 21.394269943237305, 'learning_rate': 1.4201482479784368e-05, 'epoch': 1.0}
{'loss': 0.0785, 'grad_norm': 26.85969352722168, 'learning_rate': 1.4117250673854448e-05, 'epoch': 1.01}
{'loss': 0.1542, 'grad_norm': 0.7233365774154663, 'learning_rate': 1.403301886792453e-05, 'epoch': 1.02}
{'loss': 0.1523, 'grad_norm': 0.08537434786558151, 'learning_rate': 1.3948787061994611e-05, 'epoch': 1.03}
{'loss': 0.0952, 'grad_norm': 1.8840028047561646, 'learning_rate': 1.3864555256064692e-05, 'epoch': 1.05}
{'loss': 0.1462, 'grad_norm': 24.468273162841797, 'learning_rate': 1.378032345013477e-05, 'epoch': 1.06}
{'loss': 0.1065, 'grad_norm': 0.09252525120973587, 'learning_rate': 1.3696091644204851e-05, 'epoch': 1.07}
{'loss': 0.1263, 'grad_norm': 0.16603033244609833, 'learning_rate': 1.3611859838274935e-05, 'epoch': 1.08}
{'loss': 0.1558, 'grad_norm': 1.2563867568969727, 'learning_rate': 1.3527628032345014e-05, 'epoch': 1.09}
{'loss': 0.1302, 'grad_norm': 7.971065521240234, 'learning_rate': 1.3443396226415095e-05, 'epoch': 1.1}
{'loss': 0.1292, 'grad_norm': 1.3934839963912964, 'learning_rate': 1.3359164420485175e-05, 'epoch': 1.12}
{'loss': 0.1695, 'grad_norm': 6.06093692779541, 'learning_rate': 1.3274932614555258e-05, 'epoch': 1.13}
{'loss': 0.1212, 'grad_norm': 24.703048706054688, 'learning_rate': 1.3190700808625338e-05, 'epoch': 1.14}
{'loss': 0.1272, 'grad_norm': 19.171533584594727, 'learning_rate': 1.3106469002695419e-05, 'epoch': 1.15}
{'loss': 0.1156, 'grad_norm': 2.6055564880371094, 'learning_rate': 1.30222371967655e-05, 'epoch': 1.16}
{'loss': 0.1263, 'grad_norm': 2.1395859718322754, 'learning_rate': 1.293800539083558e-05, 'epoch': 1.18}
{'loss': 0.1505, 'grad_norm': 1.8506122827529907, 'learning_rate': 1.2853773584905662e-05, 'epoch': 1.19}
{'loss': 0.0995, 'grad_norm': 0.13035552203655243, 'learning_rate': 1.2769541778975743e-05, 'epoch': 1.2}
{'loss': 0.1465, 'grad_norm': 16.55881690979004, 'learning_rate': 1.2685309973045824e-05, 'epoch': 1.21}
{'loss': 0.1185, 'grad_norm': 3.76554799079895, 'learning_rate': 1.2601078167115903e-05, 'epoch': 1.22}
{'loss': 0.1504, 'grad_norm': 2.475342035293579, 'learning_rate': 1.2516846361185987e-05, 'epoch': 1.24}
{'loss': 0.1528, 'grad_norm': 18.688533782958984, 'learning_rate': 1.2432614555256065e-05, 'epoch': 1.25}
{'loss': 0.1261, 'grad_norm': 0.26425880193710327, 'learning_rate': 1.2348382749326146e-05, 'epoch': 1.26}
{'loss': 0.1288, 'grad_norm': 11.754069328308105, 'learning_rate': 1.2264150943396227e-05, 'epoch': 1.27}
{'loss': 0.167, 'grad_norm': 0.23009507358074188, 'learning_rate': 1.2179919137466307e-05, 'epoch': 1.28}
{'loss': 0.1452, 'grad_norm': 0.14251762628555298, 'learning_rate': 1.209568733153639e-05, 'epoch': 1.29}
{'loss': 0.1618, 'grad_norm': 9.054019927978516, 'learning_rate': 1.201145552560647e-05, 'epoch': 1.31}
{'loss': 0.1135, 'grad_norm': 6.786633491516113, 'learning_rate': 1.192722371967655e-05, 'epoch': 1.32}
{'loss': 0.1534, 'grad_norm': 15.891366958618164, 'learning_rate': 1.1842991913746631e-05, 'epoch': 1.33}
{'loss': 0.1376, 'grad_norm': 0.45767471194267273, 'learning_rate': 1.1758760107816714e-05, 'epoch': 1.34}
{'loss': 0.1323, 'grad_norm': 9.236016273498535, 'learning_rate': 1.1674528301886794e-05, 'epoch': 1.35}
{'loss': 0.101, 'grad_norm': 2.804410219192505, 'learning_rate': 1.1590296495956875e-05, 'epoch': 1.37}
{'loss': 0.1438, 'grad_norm': 18.557559967041016, 'learning_rate': 1.1506064690026955e-05, 'epoch': 1.38}
{'loss': 0.1037, 'grad_norm': 8.181358337402344, 'learning_rate': 1.1421832884097034e-05, 'epoch': 1.39}
{'loss': 0.1328, 'grad_norm': 0.8533243536949158, 'learning_rate': 1.1337601078167118e-05, 'epoch': 1.4}
{'loss': 0.1588, 'grad_norm': 14.646836280822754, 'learning_rate': 1.1253369272237197e-05, 'epoch': 1.41}
{'loss': 0.1215, 'grad_norm': 8.974649429321289, 'learning_rate': 1.1169137466307278e-05, 'epoch': 1.43}
{'loss': 0.1169, 'grad_norm': 16.48030662536621, 'learning_rate': 1.1084905660377358e-05, 'epoch': 1.44}
{'loss': 0.1593, 'grad_norm': 35.084102630615234, 'learning_rate': 1.100067385444744e-05, 'epoch': 1.45}
{'loss': 0.1281, 'grad_norm': 0.2223198115825653, 'learning_rate': 1.0916442048517521e-05, 'epoch': 1.46}
{'loss': 0.1205, 'grad_norm': 0.3204919993877411, 'learning_rate': 1.0832210242587602e-05, 'epoch': 1.47}
{'loss': 0.1269, 'grad_norm': 0.22235891222953796, 'learning_rate': 1.0747978436657683e-05, 'epoch': 1.48}
{'loss': 0.1371, 'grad_norm': 2.518589496612549, 'learning_rate': 1.0663746630727763e-05, 'epoch': 1.5}
{'loss': 0.1254, 'grad_norm': 0.13305318355560303, 'learning_rate': 1.0579514824797845e-05, 'epoch': 1.51}
{'loss': 0.143, 'grad_norm': 6.1175456047058105, 'learning_rate': 1.0495283018867926e-05, 'epoch': 1.52}
{'loss': 0.1103, 'grad_norm': 3.1883246898651123, 'learning_rate': 1.0411051212938007e-05, 'epoch': 1.53}
{'loss': 0.1096, 'grad_norm': 3.5614566802978516, 'learning_rate': 1.0326819407008086e-05, 'epoch': 1.54}
{'loss': 0.1326, 'grad_norm': 0.12149344384670258, 'learning_rate': 1.024258760107817e-05, 'epoch': 1.56}
{'loss': 0.1181, 'grad_norm': 8.620626449584961, 'learning_rate': 1.0158355795148248e-05, 'epoch': 1.57}
{'loss': 0.1273, 'grad_norm': 1.1583892107009888, 'learning_rate': 1.0074123989218329e-05, 'epoch': 1.58}
{'loss': 0.1821, 'grad_norm': 2.6160531044006348, 'learning_rate': 9.989892183288411e-06, 'epoch': 1.59}
{'loss': 0.1682, 'grad_norm': 8.500360488891602, 'learning_rate': 9.905660377358492e-06, 'epoch': 1.6}
{'loss': 0.0927, 'grad_norm': 1.2959076166152954, 'learning_rate': 9.821428571428573e-06, 'epoch': 1.62}
{'loss': 0.1104, 'grad_norm': 0.19930128753185272, 'learning_rate': 9.737196765498653e-06, 'epoch': 1.63}
{'loss': 0.135, 'grad_norm': 3.6291704177856445, 'learning_rate': 9.652964959568734e-06, 'epoch': 1.64}
{'loss': 0.1601, 'grad_norm': 0.3332330584526062, 'learning_rate': 9.568733153638814e-06, 'epoch': 1.65}
{'loss': 0.1144, 'grad_norm': 3.5578911304473877, 'learning_rate': 9.484501347708895e-06, 'epoch': 1.66}
{'loss': 0.122, 'grad_norm': 0.1328807920217514, 'learning_rate': 9.400269541778977e-06, 'epoch': 1.67}
{'loss': 0.1116, 'grad_norm': 19.260622024536133, 'learning_rate': 9.316037735849058e-06, 'epoch': 1.69}
{'loss': 0.1483, 'grad_norm': 7.153604030609131, 'learning_rate': 9.231805929919138e-06, 'epoch': 1.7}
{'loss': 0.1303, 'grad_norm': 13.573460578918457, 'learning_rate': 9.147574123989219e-06, 'epoch': 1.71}
{'loss': 0.1153, 'grad_norm': 0.9040162563323975, 'learning_rate': 9.0633423180593e-06, 'epoch': 1.72}
{'loss': 0.1453, 'grad_norm': 7.393352031707764, 'learning_rate': 8.97911051212938e-06, 'epoch': 1.73}
{'loss': 0.1545, 'grad_norm': 26.300174713134766, 'learning_rate': 8.89487870619946e-06, 'epoch': 1.75}
{'loss': 0.1351, 'grad_norm': 0.10399633646011353, 'learning_rate': 8.810646900269543e-06, 'epoch': 1.76}
{'loss': 0.1677, 'grad_norm': 14.79957389831543, 'learning_rate': 8.726415094339624e-06, 'epoch': 1.77}
{'loss': 0.1029, 'grad_norm': 13.76266098022461, 'learning_rate': 8.642183288409704e-06, 'epoch': 1.78}
{'loss': 0.0857, 'grad_norm': 18.610916137695312, 'learning_rate': 8.557951482479785e-06, 'epoch': 1.79}
{'loss': 0.0961, 'grad_norm': 21.782865524291992, 'learning_rate': 8.473719676549867e-06, 'epoch': 1.81}
{'loss': 0.1636, 'grad_norm': 8.274199485778809, 'learning_rate': 8.389487870619946e-06, 'epoch': 1.82}
{'loss': 0.1525, 'grad_norm': 3.668181896209717, 'learning_rate': 8.305256064690027e-06, 'epoch': 1.83}
{'loss': 0.1593, 'grad_norm': 2.1983470916748047, 'learning_rate': 8.221024258760109e-06, 'epoch': 1.84}
{'loss': 0.1288, 'grad_norm': 31.36453628540039, 'learning_rate': 8.13679245283019e-06, 'epoch': 1.85}
{'loss': 0.1468, 'grad_norm': 6.293643474578857, 'learning_rate': 8.05256064690027e-06, 'epoch': 1.86}
{'loss': 0.1335, 'grad_norm': 6.404176235198975, 'learning_rate': 7.96832884097035e-06, 'epoch': 1.88}
{'loss': 0.1024, 'grad_norm': 0.09817278385162354, 'learning_rate': 7.884097035040431e-06, 'epoch': 1.89}
{'loss': 0.1405, 'grad_norm': 0.14018474519252777, 'learning_rate': 7.799865229110512e-06, 'epoch': 1.9}
{'loss': 0.1122, 'grad_norm': 0.6484508514404297, 'learning_rate': 7.715633423180594e-06, 'epoch': 1.91}
{'loss': 0.1353, 'grad_norm': 12.395153999328613, 'learning_rate': 7.631401617250675e-06, 'epoch': 1.92}
{'loss': 0.1784, 'grad_norm': 0.494301438331604, 'learning_rate': 7.5471698113207555e-06, 'epoch': 1.94}
{'loss': 0.1496, 'grad_norm': 18.157581329345703, 'learning_rate': 7.462938005390836e-06, 'epoch': 1.95}
{'loss': 0.114, 'grad_norm': 0.15440014004707336, 'learning_rate': 7.378706199460917e-06, 'epoch': 1.96}
{'loss': 0.1033, 'grad_norm': 18.371482849121094, 'learning_rate': 7.294474393530998e-06, 'epoch': 1.97}
{'loss': 0.1449, 'grad_norm': 22.012746810913086, 'learning_rate': 7.210242587601079e-06, 'epoch': 1.98}
{'loss': 0.1376, 'grad_norm': 4.033163070678711, 'learning_rate': 7.12601078167116e-06, 'epoch': 2.0}
{'loss': 0.0823, 'grad_norm': 4.975370407104492, 'learning_rate': 7.04177897574124e-06, 'epoch': 2.01}
{'loss': 0.1008, 'grad_norm': 0.4509044289588928, 'learning_rate': 6.957547169811321e-06, 'epoch': 2.02}
{'loss': 0.1005, 'grad_norm': 5.766811370849609, 'learning_rate': 6.873315363881402e-06, 'epoch': 2.03}
{'loss': 0.0657, 'grad_norm': 19.867294311523438, 'learning_rate': 6.7890835579514834e-06, 'epoch': 2.04}
{'loss': 0.0883, 'grad_norm': 13.941122055053711, 'learning_rate': 6.704851752021564e-06, 'epoch': 2.05}
{'loss': 0.0873, 'grad_norm': 0.054839517921209335, 'learning_rate': 6.620619946091645e-06, 'epoch': 2.07}
{'loss': 0.075, 'grad_norm': 18.915449142456055, 'learning_rate': 6.536388140161726e-06, 'epoch': 2.08}
{'loss': 0.0967, 'grad_norm': 15.903733253479004, 'learning_rate': 6.452156334231806e-06, 'epoch': 2.09}
{'loss': 0.0963, 'grad_norm': 0.13797128200531006, 'learning_rate': 6.367924528301887e-06, 'epoch': 2.1}
{'loss': 0.0764, 'grad_norm': 9.426874160766602, 'learning_rate': 6.283692722371968e-06, 'epoch': 2.11}
{'loss': 0.0801, 'grad_norm': 0.08815590292215347, 'learning_rate': 6.199460916442049e-06, 'epoch': 2.13}
{'loss': 0.1034, 'grad_norm': 6.537360191345215, 'learning_rate': 6.11522911051213e-06, 'epoch': 2.14}
{'loss': 0.075, 'grad_norm': 5.834920883178711, 'learning_rate': 6.030997304582211e-06, 'epoch': 2.15}
{'loss': 0.1054, 'grad_norm': 0.8519014120101929, 'learning_rate': 5.946765498652292e-06, 'epoch': 2.16}
{'loss': 0.0839, 'grad_norm': 11.820043563842773, 'learning_rate': 5.862533692722372e-06, 'epoch': 2.17}
{'loss': 0.083, 'grad_norm': 0.06910475343465805, 'learning_rate': 5.778301886792453e-06, 'epoch': 2.19}
{'loss': 0.0817, 'grad_norm': 3.366579532623291, 'learning_rate': 5.694070080862534e-06, 'epoch': 2.2}
{'loss': 0.098, 'grad_norm': 0.10481159389019012, 'learning_rate': 5.609838274932615e-06, 'epoch': 2.21}
{'loss': 0.0684, 'grad_norm': 25.525861740112305, 'learning_rate': 5.525606469002696e-06, 'epoch': 2.22}
{'loss': 0.0989, 'grad_norm': 0.13632355630397797, 'learning_rate': 5.441374663072777e-06, 'epoch': 2.23}
{'loss': 0.1164, 'grad_norm': 0.10982148349285126, 'learning_rate': 5.357142857142857e-06, 'epoch': 2.24}
{'loss': 0.09, 'grad_norm': 0.0833238810300827, 'learning_rate': 5.2729110512129385e-06, 'epoch': 2.26}
{'loss': 0.0942, 'grad_norm': 0.07276862859725952, 'learning_rate': 5.188679245283019e-06, 'epoch': 2.27}
{'loss': 0.0834, 'grad_norm': 0.0849536880850792, 'learning_rate': 5.1044474393531e-06, 'epoch': 2.28}
{'loss': 0.0989, 'grad_norm': 0.13491733372211456, 'learning_rate': 5.020215633423181e-06, 'epoch': 2.29}
{'loss': 0.1051, 'grad_norm': 3.468073844909668, 'learning_rate': 4.935983827493262e-06, 'epoch': 2.3}
{'loss': 0.066, 'grad_norm': 3.301276922225952, 'learning_rate': 4.851752021563343e-06, 'epoch': 2.32}
{'loss': 0.0668, 'grad_norm': 1.2144373655319214, 'learning_rate': 4.767520215633424e-06, 'epoch': 2.33}
{'loss': 0.0997, 'grad_norm': 17.75859260559082, 'learning_rate': 4.683288409703504e-06, 'epoch': 2.34}
{'loss': 0.0587, 'grad_norm': 0.03413776680827141, 'learning_rate': 4.599056603773585e-06, 'epoch': 2.35}
{'loss': 0.1134, 'grad_norm': 0.05170775204896927, 'learning_rate': 4.5148247978436664e-06, 'epoch': 2.36}
{'loss': 0.0807, 'grad_norm': 4.700141429901123, 'learning_rate': 4.430592991913747e-06, 'epoch': 2.38}
{'loss': 0.0868, 'grad_norm': 1.5945677757263184, 'learning_rate': 4.346361185983828e-06, 'epoch': 2.39}
{'loss': 0.0714, 'grad_norm': 0.05274388566613197, 'learning_rate': 4.262129380053909e-06, 'epoch': 2.4}
{'loss': 0.0741, 'grad_norm': 0.5412845611572266, 'learning_rate': 4.17789757412399e-06, 'epoch': 2.41}
{'loss': 0.0789, 'grad_norm': 0.0830908790230751, 'learning_rate': 4.09366576819407e-06, 'epoch': 2.42}
{'loss': 0.0741, 'grad_norm': 10.25413990020752, 'learning_rate': 4.009433962264152e-06, 'epoch': 2.43}
{'loss': 0.1021, 'grad_norm': 5.337977409362793, 'learning_rate': 3.9252021563342315e-06, 'epoch': 2.45}
{'loss': 0.0546, 'grad_norm': 0.1183188408613205, 'learning_rate': 3.840970350404313e-06, 'epoch': 2.46}
{'loss': 0.0717, 'grad_norm': 3.3565852642059326, 'learning_rate': 3.7567385444743935e-06, 'epoch': 2.47}
{'loss': 0.0866, 'grad_norm': 12.239386558532715, 'learning_rate': 3.6725067385444746e-06, 'epoch': 2.48}
{'loss': 0.1016, 'grad_norm': 1.9657235145568848, 'learning_rate': 3.5882749326145556e-06, 'epoch': 2.49}
{'loss': 0.1137, 'grad_norm': 18.782682418823242, 'learning_rate': 3.5040431266846366e-06, 'epoch': 2.51}
{'loss': 0.0849, 'grad_norm': 0.4537329077720642, 'learning_rate': 3.419811320754717e-06, 'epoch': 2.52}
{'loss': 0.1193, 'grad_norm': 0.26341578364372253, 'learning_rate': 3.3355795148247982e-06, 'epoch': 2.53}
{'loss': 0.0485, 'grad_norm': 35.704830169677734, 'learning_rate': 3.2513477088948792e-06, 'epoch': 2.54}
{'loss': 0.0991, 'grad_norm': 16.679582595825195, 'learning_rate': 3.1671159029649603e-06, 'epoch': 2.55}
{'loss': 0.0796, 'grad_norm': 22.961347579956055, 'learning_rate': 3.0828840970350405e-06, 'epoch': 2.57}
{'loss': 0.1035, 'grad_norm': 0.03643205016851425, 'learning_rate': 2.9986522911051215e-06, 'epoch': 2.58}
{'loss': 0.0644, 'grad_norm': 1.0211352109909058, 'learning_rate': 2.914420485175202e-06, 'epoch': 2.59}
{'loss': 0.0862, 'grad_norm': 0.5565218329429626, 'learning_rate': 2.830188679245283e-06, 'epoch': 2.6}
{'loss': 0.0939, 'grad_norm': 27.55417251586914, 'learning_rate': 2.745956873315364e-06, 'epoch': 2.61}
{'loss': 0.0783, 'grad_norm': 1.902746558189392, 'learning_rate': 2.661725067385445e-06, 'epoch': 2.62}
{'loss': 0.0603, 'grad_norm': 0.039049822837114334, 'learning_rate': 2.5774932614555257e-06, 'epoch': 2.64}
{'loss': 0.0638, 'grad_norm': 0.07167007774114609, 'learning_rate': 2.4932614555256063e-06, 'epoch': 2.65}
{'loss': 0.051, 'grad_norm': 0.10339778661727905, 'learning_rate': 2.4090296495956874e-06, 'epoch': 2.66}
{'loss': 0.0896, 'grad_norm': 4.3894195556640625, 'learning_rate': 2.3247978436657684e-06, 'epoch': 2.67}
{'loss': 0.1124, 'grad_norm': 4.987980842590332, 'learning_rate': 2.2405660377358494e-06, 'epoch': 2.68}
{'loss': 0.0878, 'grad_norm': 6.278777122497559, 'learning_rate': 2.15633423180593e-06, 'epoch': 2.7}
{'loss': 0.0944, 'grad_norm': 0.07039174437522888, 'learning_rate': 2.072102425876011e-06, 'epoch': 2.71}
{'loss': 0.0586, 'grad_norm': 0.1103762835264206, 'learning_rate': 1.9878706199460916e-06, 'epoch': 2.72}
{'loss': 0.0828, 'grad_norm': 0.7875939607620239, 'learning_rate': 1.9036388140161727e-06, 'epoch': 2.73}
{'loss': 0.1218, 'grad_norm': 11.794309616088867, 'learning_rate': 1.8194070080862537e-06, 'epoch': 2.74}
{'loss': 0.0659, 'grad_norm': 0.8274746537208557, 'learning_rate': 1.7351752021563345e-06, 'epoch': 2.76}
{'loss': 0.1022, 'grad_norm': 0.08299989253282547, 'learning_rate': 1.650943396226415e-06, 'epoch': 2.77}
{'loss': 0.0886, 'grad_norm': 5.936685085296631, 'learning_rate': 1.5667115902964961e-06, 'epoch': 2.78}
{'loss': 0.0843, 'grad_norm': 10.824193954467773, 'learning_rate': 1.482479784366577e-06, 'epoch': 2.79}
{'loss': 0.105, 'grad_norm': 0.07869845628738403, 'learning_rate': 1.398247978436658e-06, 'epoch': 2.8}
{'loss': 0.0597, 'grad_norm': 0.09281860291957855, 'learning_rate': 1.3140161725067386e-06, 'epoch': 2.81}
{'loss': 0.1233, 'grad_norm': 6.154412269592285, 'learning_rate': 1.2297843665768196e-06, 'epoch': 2.83}
{'loss': 0.0658, 'grad_norm': 7.211345672607422, 'learning_rate': 1.1455525606469004e-06, 'epoch': 2.84}
{'loss': 0.0963, 'grad_norm': 0.08257926255464554, 'learning_rate': 1.0613207547169812e-06, 'epoch': 2.85}
{'loss': 0.0735, 'grad_norm': 4.566707611083984, 'learning_rate': 9.77088948787062e-07, 'epoch': 2.86}
{'loss': 0.1083, 'grad_norm': 0.11177985370159149, 'learning_rate': 8.928571428571429e-07, 'epoch': 2.87}
{'loss': 0.0861, 'grad_norm': 0.08698802441358566, 'learning_rate': 8.086253369272238e-07, 'epoch': 2.89}
{'loss': 0.1245, 'grad_norm': 13.116585731506348, 'learning_rate': 7.243935309973047e-07, 'epoch': 2.9}
{'loss': 0.0607, 'grad_norm': 28.07522201538086, 'learning_rate': 6.401617250673856e-07, 'epoch': 2.91}
{'loss': 0.0932, 'grad_norm': 0.035401660948991776, 'learning_rate': 5.559299191374663e-07, 'epoch': 2.92}
{'loss': 0.0449, 'grad_norm': 1.8781851530075073, 'learning_rate': 4.716981132075472e-07, 'epoch': 2.93}
{'loss': 0.0727, 'grad_norm': 16.98712921142578, 'learning_rate': 3.874663072776281e-07, 'epoch': 2.95}
{'loss': 0.0646, 'grad_norm': 0.07378830015659332, 'learning_rate': 3.0323450134770895e-07, 'epoch': 2.96}
{'loss': 0.0975, 'grad_norm': 0.03728898614645004, 'learning_rate': 2.190026954177898e-07, 'epoch': 2.97}
{'loss': 0.0756, 'grad_norm': 0.05095890164375305, 'learning_rate': 1.3477088948787063e-07, 'epoch': 2.98}
{'loss': 0.0828, 'grad_norm': 0.036628641188144684, 'learning_rate': 5.0539083557951485e-08, 'epoch': 2.99}
{'train_runtime': 282.6341, 'train_samples_per_second': 714.871, 'train_steps_per_second': 44.687, 'train_loss': 0.15789819190356813, 'epoch': 3.0}
Evaluating clean validation: distilbert_sst2_confidence
Evaluating noisy validation: distilbert_sst2_confidence

----- Downstream model: distilgpt2_sst2_confidence (decoder_only) -----
{'loss': 7.0314, 'grad_norm': 115.08145141601562, 'learning_rate': 1.3192612137203166e-06, 'epoch': 0.01}
{'loss': 2.1756, 'grad_norm': 62.56706619262695, 'learning_rate': 2.6385224274406333e-06, 'epoch': 0.02}
{'loss': 0.6783, 'grad_norm': 8.966628074645996, 'learning_rate': 3.95778364116095e-06, 'epoch': 0.04}
{'loss': 0.5673, 'grad_norm': 67.88184356689453, 'learning_rate': 5.2770448548812665e-06, 'epoch': 0.05}
{'loss': 0.496, 'grad_norm': 42.84202194213867, 'learning_rate': 6.596306068601583e-06, 'epoch': 0.06}
{'loss': 0.3757, 'grad_norm': 12.163922309875488, 'learning_rate': 7.9155672823219e-06, 'epoch': 0.07}
{'loss': 0.4162, 'grad_norm': 27.92293930053711, 'learning_rate': 9.234828496042218e-06, 'epoch': 0.08}
{'loss': 0.3464, 'grad_norm': 10.882917404174805, 'learning_rate': 1.0554089709762533e-05, 'epoch': 0.1}
{'loss': 0.3494, 'grad_norm': 12.270392417907715, 'learning_rate': 1.1873350923482852e-05, 'epoch': 0.11}
{'loss': 0.4121, 'grad_norm': 14.382674217224121, 'learning_rate': 1.3192612137203167e-05, 'epoch': 0.12}
{'loss': 0.3483, 'grad_norm': 49.32115173339844, 'learning_rate': 1.4511873350923484e-05, 'epoch': 0.13}
{'loss': 0.3742, 'grad_norm': 30.083349227905273, 'learning_rate': 1.58311345646438e-05, 'epoch': 0.14}
{'loss': 0.3362, 'grad_norm': 26.682476043701172, 'learning_rate': 1.7150395778364116e-05, 'epoch': 0.15}
{'loss': 0.3407, 'grad_norm': 12.791948318481445, 'learning_rate': 1.8469656992084436e-05, 'epoch': 0.17}
{'loss': 0.3224, 'grad_norm': 40.24665451049805, 'learning_rate': 1.978891820580475e-05, 'epoch': 0.18}
{'loss': 0.3575, 'grad_norm': 10.517648696899414, 'learning_rate': 1.992924528301887e-05, 'epoch': 0.19}
{'loss': 0.3329, 'grad_norm': 17.811878204345703, 'learning_rate': 1.984501347708895e-05, 'epoch': 0.2}
{'loss': 0.3526, 'grad_norm': 8.064383506774902, 'learning_rate': 1.976078167115903e-05, 'epoch': 0.21}
{'loss': 0.3013, 'grad_norm': 7.748912811279297, 'learning_rate': 1.9676549865229113e-05, 'epoch': 0.23}
{'loss': 0.2961, 'grad_norm': 10.207320213317871, 'learning_rate': 1.9592318059299192e-05, 'epoch': 0.24}
{'loss': 0.3427, 'grad_norm': 28.958005905151367, 'learning_rate': 1.9508086253369275e-05, 'epoch': 0.25}
{'loss': 0.2964, 'grad_norm': 6.633290767669678, 'learning_rate': 1.9423854447439354e-05, 'epoch': 0.26}
{'loss': 0.3323, 'grad_norm': 6.379751205444336, 'learning_rate': 1.9339622641509436e-05, 'epoch': 0.27}
{'loss': 0.2702, 'grad_norm': 20.511123657226562, 'learning_rate': 1.9255390835579518e-05, 'epoch': 0.29}
{'loss': 0.3349, 'grad_norm': 31.55284881591797, 'learning_rate': 1.9171159029649597e-05, 'epoch': 0.3}
{'loss': 0.301, 'grad_norm': 15.389467239379883, 'learning_rate': 1.908692722371968e-05, 'epoch': 0.31}
{'loss': 0.3096, 'grad_norm': 9.031550407409668, 'learning_rate': 1.9002695417789758e-05, 'epoch': 0.32}
{'loss': 0.3332, 'grad_norm': 8.949721336364746, 'learning_rate': 1.891846361185984e-05, 'epoch': 0.33}
{'loss': 0.2714, 'grad_norm': 17.755901336669922, 'learning_rate': 1.8834231805929923e-05, 'epoch': 0.34}
{'loss': 0.3064, 'grad_norm': 19.14917755126953, 'learning_rate': 1.8750000000000002e-05, 'epoch': 0.36}
{'loss': 0.2805, 'grad_norm': 11.97659683227539, 'learning_rate': 1.866576819407008e-05, 'epoch': 0.37}
{'loss': 0.2818, 'grad_norm': 2.5872581005096436, 'learning_rate': 1.8581536388140163e-05, 'epoch': 0.38}
{'loss': 0.2315, 'grad_norm': 3.92425799369812, 'learning_rate': 1.8497304582210245e-05, 'epoch': 0.39}
{'loss': 0.2942, 'grad_norm': 10.630816459655762, 'learning_rate': 1.8413072776280324e-05, 'epoch': 0.4}
{'loss': 0.2558, 'grad_norm': 6.114945411682129, 'learning_rate': 1.8328840970350406e-05, 'epoch': 0.42}
{'loss': 0.2654, 'grad_norm': 18.78032875061035, 'learning_rate': 1.8244609164420485e-05, 'epoch': 0.43}
{'loss': 0.2814, 'grad_norm': 8.439780235290527, 'learning_rate': 1.8160377358490568e-05, 'epoch': 0.44}
{'loss': 0.2701, 'grad_norm': 7.960500717163086, 'learning_rate': 1.807614555256065e-05, 'epoch': 0.45}
{'loss': 0.2424, 'grad_norm': 13.216452598571777, 'learning_rate': 1.799191374663073e-05, 'epoch': 0.46}
{'loss': 0.2435, 'grad_norm': 6.068055629730225, 'learning_rate': 1.790768194070081e-05, 'epoch': 0.48}
{'loss': 0.2692, 'grad_norm': 24.604694366455078, 'learning_rate': 1.782345013477089e-05, 'epoch': 0.49}
{'loss': 0.2221, 'grad_norm': 17.806629180908203, 'learning_rate': 1.7739218328840972e-05, 'epoch': 0.5}
{'loss': 0.2655, 'grad_norm': 6.394500255584717, 'learning_rate': 1.765498652291105e-05, 'epoch': 0.51}
{'loss': 0.2762, 'grad_norm': 3.4640541076660156, 'learning_rate': 1.7570754716981134e-05, 'epoch': 0.52}
{'loss': 0.2386, 'grad_norm': 1.2531664371490479, 'learning_rate': 1.7486522911051212e-05, 'epoch': 0.53}
{'loss': 0.2744, 'grad_norm': 14.612560272216797, 'learning_rate': 1.7402291105121295e-05, 'epoch': 0.55}
{'loss': 0.3027, 'grad_norm': 7.126403331756592, 'learning_rate': 1.7318059299191377e-05, 'epoch': 0.56}
{'loss': 0.2632, 'grad_norm': 6.261725902557373, 'learning_rate': 1.7233827493261456e-05, 'epoch': 0.57}
{'loss': 0.2381, 'grad_norm': 21.037700653076172, 'learning_rate': 1.7149595687331538e-05, 'epoch': 0.58}
{'loss': 0.2625, 'grad_norm': 14.277491569519043, 'learning_rate': 1.7065363881401617e-05, 'epoch': 0.59}
{'loss': 0.2466, 'grad_norm': 5.993300914764404, 'learning_rate': 1.69811320754717e-05, 'epoch': 0.61}
{'loss': 0.3032, 'grad_norm': 2.8408074378967285, 'learning_rate': 1.6896900269541782e-05, 'epoch': 0.62}
{'loss': 0.2595, 'grad_norm': 7.058383941650391, 'learning_rate': 1.681266846361186e-05, 'epoch': 0.63}
{'loss': 0.2682, 'grad_norm': 59.220130920410156, 'learning_rate': 1.6728436657681943e-05, 'epoch': 0.64}
{'loss': 0.2164, 'grad_norm': 5.832849025726318, 'learning_rate': 1.6644204851752025e-05, 'epoch': 0.65}
{'loss': 0.2412, 'grad_norm': 14.757381439208984, 'learning_rate': 1.6559973045822104e-05, 'epoch': 0.67}
{'loss': 0.2279, 'grad_norm': 1.0818430185317993, 'learning_rate': 1.6475741239892183e-05, 'epoch': 0.68}
{'loss': 0.2608, 'grad_norm': 7.406575679779053, 'learning_rate': 1.6391509433962265e-05, 'epoch': 0.69}
{'loss': 0.1917, 'grad_norm': 25.0830135345459, 'learning_rate': 1.6307277628032344e-05, 'epoch': 0.7}
{'loss': 0.2371, 'grad_norm': 30.95608901977539, 'learning_rate': 1.6223045822102427e-05, 'epoch': 0.71}
{'loss': 0.2385, 'grad_norm': 1.4695193767547607, 'learning_rate': 1.613881401617251e-05, 'epoch': 0.72}
{'loss': 0.2154, 'grad_norm': 27.43962287902832, 'learning_rate': 1.6054582210242588e-05, 'epoch': 0.74}
{'loss': 0.2746, 'grad_norm': 7.982081890106201, 'learning_rate': 1.597035040431267e-05, 'epoch': 0.75}
{'loss': 0.1919, 'grad_norm': 2.0888495445251465, 'learning_rate': 1.5886118598382752e-05, 'epoch': 0.76}
{'loss': 0.2443, 'grad_norm': 4.860860824584961, 'learning_rate': 1.580188679245283e-05, 'epoch': 0.77}
{'loss': 0.2323, 'grad_norm': 6.293470859527588, 'learning_rate': 1.5717654986522914e-05, 'epoch': 0.78}
{'loss': 0.2212, 'grad_norm': 28.1591796875, 'learning_rate': 1.5633423180592992e-05, 'epoch': 0.8}
{'loss': 0.2247, 'grad_norm': 35.052947998046875, 'learning_rate': 1.5549191374663075e-05, 'epoch': 0.81}
{'loss': 0.2188, 'grad_norm': 2.2449288368225098, 'learning_rate': 1.5464959568733157e-05, 'epoch': 0.82}
{'loss': 0.2192, 'grad_norm': 10.577104568481445, 'learning_rate': 1.5380727762803236e-05, 'epoch': 0.83}
{'loss': 0.2483, 'grad_norm': 10.626440048217773, 'learning_rate': 1.5296495956873315e-05, 'epoch': 0.84}
{'loss': 0.2127, 'grad_norm': 6.824899196624756, 'learning_rate': 1.5212264150943397e-05, 'epoch': 0.86}
{'loss': 0.2379, 'grad_norm': 20.800363540649414, 'learning_rate': 1.512803234501348e-05, 'epoch': 0.87}
{'loss': 0.233, 'grad_norm': 14.940549850463867, 'learning_rate': 1.504380053908356e-05, 'epoch': 0.88}
{'loss': 0.2247, 'grad_norm': 13.200397491455078, 'learning_rate': 1.495956873315364e-05, 'epoch': 0.89}
{'loss': 0.2172, 'grad_norm': 2.4443728923797607, 'learning_rate': 1.487533692722372e-05, 'epoch': 0.9}
{'loss': 0.2573, 'grad_norm': 3.692495822906494, 'learning_rate': 1.4791105121293804e-05, 'epoch': 0.91}
{'loss': 0.2307, 'grad_norm': 6.7194504737854, 'learning_rate': 1.4706873315363882e-05, 'epoch': 0.93}
{'loss': 0.238, 'grad_norm': 5.569443702697754, 'learning_rate': 1.4622641509433963e-05, 'epoch': 0.94}
{'loss': 0.2374, 'grad_norm': 6.552309513092041, 'learning_rate': 1.4538409703504044e-05, 'epoch': 0.95}
{'loss': 0.2412, 'grad_norm': 3.7019546031951904, 'learning_rate': 1.4454177897574124e-05, 'epoch': 0.96}
{'loss': 0.239, 'grad_norm': 6.530244827270508, 'learning_rate': 1.4369946091644207e-05, 'epoch': 0.97}
{'loss': 0.2237, 'grad_norm': 15.448915481567383, 'learning_rate': 1.4285714285714287e-05, 'epoch': 0.99}
{'loss': 0.2142, 'grad_norm': 9.049345970153809, 'learning_rate': 1.4201482479784368e-05, 'epoch': 1.0}
{'loss': 0.1652, 'grad_norm': 2.465191125869751, 'learning_rate': 1.4117250673854448e-05, 'epoch': 1.01}
{'loss': 0.1886, 'grad_norm': 8.986255645751953, 'learning_rate': 1.403301886792453e-05, 'epoch': 1.02}
{'loss': 0.2104, 'grad_norm': 12.481318473815918, 'learning_rate': 1.3948787061994611e-05, 'epoch': 1.03}
{'loss': 0.1787, 'grad_norm': 0.9704036712646484, 'learning_rate': 1.3864555256064692e-05, 'epoch': 1.05}
{'loss': 0.206, 'grad_norm': 15.794575691223145, 'learning_rate': 1.378032345013477e-05, 'epoch': 1.06}
{'loss': 0.2092, 'grad_norm': 10.799729347229004, 'learning_rate': 1.3696091644204851e-05, 'epoch': 1.07}
{'loss': 0.1576, 'grad_norm': 7.43750524520874, 'learning_rate': 1.3611859838274935e-05, 'epoch': 1.08}
{'loss': 0.2204, 'grad_norm': 8.050455093383789, 'learning_rate': 1.3527628032345014e-05, 'epoch': 1.09}
{'loss': 0.1913, 'grad_norm': 7.436497688293457, 'learning_rate': 1.3443396226415095e-05, 'epoch': 1.1}
{'loss': 0.1864, 'grad_norm': 16.352642059326172, 'learning_rate': 1.3359164420485175e-05, 'epoch': 1.12}
{'loss': 0.2157, 'grad_norm': 4.735889434814453, 'learning_rate': 1.3274932614555258e-05, 'epoch': 1.13}
{'loss': 0.1918, 'grad_norm': 5.882675647735596, 'learning_rate': 1.3190700808625338e-05, 'epoch': 1.14}
{'loss': 0.1646, 'grad_norm': 9.07331657409668, 'learning_rate': 1.3106469002695419e-05, 'epoch': 1.15}
{'loss': 0.2186, 'grad_norm': 43.524627685546875, 'learning_rate': 1.30222371967655e-05, 'epoch': 1.16}
{'loss': 0.2184, 'grad_norm': 13.419758796691895, 'learning_rate': 1.293800539083558e-05, 'epoch': 1.18}
{'loss': 0.2812, 'grad_norm': 1.3920302391052246, 'learning_rate': 1.2853773584905662e-05, 'epoch': 1.19}
{'loss': 0.1804, 'grad_norm': 11.960200309753418, 'learning_rate': 1.2769541778975743e-05, 'epoch': 1.2}
{'loss': 0.2209, 'grad_norm': 3.9656739234924316, 'learning_rate': 1.2685309973045824e-05, 'epoch': 1.21}
{'loss': 0.1732, 'grad_norm': 2.066862106323242, 'learning_rate': 1.2601078167115903e-05, 'epoch': 1.22}
{'loss': 0.2103, 'grad_norm': 17.207820892333984, 'learning_rate': 1.2516846361185987e-05, 'epoch': 1.24}
{'loss': 0.2155, 'grad_norm': 28.998695373535156, 'learning_rate': 1.2432614555256065e-05, 'epoch': 1.25}
{'loss': 0.169, 'grad_norm': 7.557852268218994, 'learning_rate': 1.2348382749326146e-05, 'epoch': 1.26}
{'loss': 0.1884, 'grad_norm': 18.20319938659668, 'learning_rate': 1.2264150943396227e-05, 'epoch': 1.27}
{'loss': 0.2079, 'grad_norm': 8.869863510131836, 'learning_rate': 1.2179919137466307e-05, 'epoch': 1.28}
{'loss': 0.196, 'grad_norm': 4.672609329223633, 'learning_rate': 1.209568733153639e-05, 'epoch': 1.29}
{'loss': 0.2225, 'grad_norm': 10.167223930358887, 'learning_rate': 1.201145552560647e-05, 'epoch': 1.31}
{'loss': 0.1466, 'grad_norm': 6.876338005065918, 'learning_rate': 1.192722371967655e-05, 'epoch': 1.32}
{'loss': 0.197, 'grad_norm': 12.946364402770996, 'learning_rate': 1.1842991913746631e-05, 'epoch': 1.33}
{'loss': 0.2129, 'grad_norm': 4.308315277099609, 'learning_rate': 1.1758760107816714e-05, 'epoch': 1.34}
{'loss': 0.1976, 'grad_norm': 4.937954425811768, 'learning_rate': 1.1674528301886794e-05, 'epoch': 1.35}
{'loss': 0.178, 'grad_norm': 5.120412349700928, 'learning_rate': 1.1590296495956875e-05, 'epoch': 1.37}
{'loss': 0.1701, 'grad_norm': 12.042856216430664, 'learning_rate': 1.1506064690026955e-05, 'epoch': 1.38}
{'loss': 0.1602, 'grad_norm': 15.050376892089844, 'learning_rate': 1.1421832884097034e-05, 'epoch': 1.39}
{'loss': 0.2109, 'grad_norm': 11.194528579711914, 'learning_rate': 1.1337601078167118e-05, 'epoch': 1.4}
{'loss': 0.2136, 'grad_norm': 4.4041924476623535, 'learning_rate': 1.1253369272237197e-05, 'epoch': 1.41}
{'loss': 0.1951, 'grad_norm': 7.478848457336426, 'learning_rate': 1.1169137466307278e-05, 'epoch': 1.43}
{'loss': 0.1948, 'grad_norm': 24.393583297729492, 'learning_rate': 1.1084905660377358e-05, 'epoch': 1.44}
{'loss': 0.1996, 'grad_norm': 28.660614013671875, 'learning_rate': 1.100067385444744e-05, 'epoch': 1.45}
{'loss': 0.1885, 'grad_norm': 12.037816047668457, 'learning_rate': 1.0916442048517521e-05, 'epoch': 1.46}
{'loss': 0.1739, 'grad_norm': 5.110396862030029, 'learning_rate': 1.0832210242587602e-05, 'epoch': 1.47}
{'loss': 0.1785, 'grad_norm': 0.23021705448627472, 'learning_rate': 1.0747978436657683e-05, 'epoch': 1.48}
{'loss': 0.165, 'grad_norm': 18.30101776123047, 'learning_rate': 1.0663746630727763e-05, 'epoch': 1.5}
{'loss': 0.1586, 'grad_norm': 1.9702215194702148, 'learning_rate': 1.0579514824797845e-05, 'epoch': 1.51}
{'loss': 0.1827, 'grad_norm': 34.143104553222656, 'learning_rate': 1.0495283018867926e-05, 'epoch': 1.52}
{'loss': 0.1481, 'grad_norm': 9.632410049438477, 'learning_rate': 1.0411051212938007e-05, 'epoch': 1.53}
{'loss': 0.1889, 'grad_norm': 6.548303127288818, 'learning_rate': 1.0326819407008086e-05, 'epoch': 1.54}
{'loss': 0.1897, 'grad_norm': 1.3064271211624146, 'learning_rate': 1.024258760107817e-05, 'epoch': 1.56}
{'loss': 0.1865, 'grad_norm': 5.165165424346924, 'learning_rate': 1.0158355795148248e-05, 'epoch': 1.57}
{'loss': 0.2024, 'grad_norm': 5.855658054351807, 'learning_rate': 1.0074123989218329e-05, 'epoch': 1.58}
{'loss': 0.2301, 'grad_norm': 10.989460945129395, 'learning_rate': 9.989892183288411e-06, 'epoch': 1.59}
{'loss': 0.2319, 'grad_norm': 16.015317916870117, 'learning_rate': 9.905660377358492e-06, 'epoch': 1.6}
{'loss': 0.1552, 'grad_norm': 10.810977935791016, 'learning_rate': 9.821428571428573e-06, 'epoch': 1.62}
{'loss': 0.1868, 'grad_norm': 4.221889495849609, 'learning_rate': 9.737196765498653e-06, 'epoch': 1.63}
{'loss': 0.2114, 'grad_norm': 10.21796703338623, 'learning_rate': 9.652964959568734e-06, 'epoch': 1.64}
{'loss': 0.1972, 'grad_norm': 23.221782684326172, 'learning_rate': 9.568733153638814e-06, 'epoch': 1.65}
{'loss': 0.1759, 'grad_norm': 3.452638626098633, 'learning_rate': 9.484501347708895e-06, 'epoch': 1.66}
{'loss': 0.1682, 'grad_norm': 3.5086488723754883, 'learning_rate': 9.400269541778977e-06, 'epoch': 1.67}
{'loss': 0.1628, 'grad_norm': 5.08024263381958, 'learning_rate': 9.316037735849058e-06, 'epoch': 1.69}
{'loss': 0.1915, 'grad_norm': 5.1991496086120605, 'learning_rate': 9.231805929919138e-06, 'epoch': 1.7}
{'loss': 0.1826, 'grad_norm': 6.241700649261475, 'learning_rate': 9.147574123989219e-06, 'epoch': 1.71}
{'loss': 0.1481, 'grad_norm': 9.763277053833008, 'learning_rate': 9.0633423180593e-06, 'epoch': 1.72}
{'loss': 0.2159, 'grad_norm': 10.85776138305664, 'learning_rate': 8.97911051212938e-06, 'epoch': 1.73}
{'loss': 0.2093, 'grad_norm': 22.63340187072754, 'learning_rate': 8.89487870619946e-06, 'epoch': 1.75}
{'loss': 0.1936, 'grad_norm': 14.369026184082031, 'learning_rate': 8.810646900269543e-06, 'epoch': 1.76}
{'loss': 0.181, 'grad_norm': 7.193159103393555, 'learning_rate': 8.726415094339624e-06, 'epoch': 1.77}
{'loss': 0.1547, 'grad_norm': 9.266287803649902, 'learning_rate': 8.642183288409704e-06, 'epoch': 1.78}
{'loss': 0.1505, 'grad_norm': 11.774563789367676, 'learning_rate': 8.557951482479785e-06, 'epoch': 1.79}
{'loss': 0.1745, 'grad_norm': 8.010831832885742, 'learning_rate': 8.473719676549867e-06, 'epoch': 1.81}
{'loss': 0.2251, 'grad_norm': 4.685714244842529, 'learning_rate': 8.389487870619946e-06, 'epoch': 1.82}
{'loss': 0.1953, 'grad_norm': 6.876434326171875, 'learning_rate': 8.305256064690027e-06, 'epoch': 1.83}
{'loss': 0.1743, 'grad_norm': 13.220952987670898, 'learning_rate': 8.221024258760109e-06, 'epoch': 1.84}
{'loss': 0.1647, 'grad_norm': 10.394511222839355, 'learning_rate': 8.13679245283019e-06, 'epoch': 1.85}
{'loss': 0.2061, 'grad_norm': 12.041622161865234, 'learning_rate': 8.05256064690027e-06, 'epoch': 1.86}
{'loss': 0.1764, 'grad_norm': 13.678915023803711, 'learning_rate': 7.96832884097035e-06, 'epoch': 1.88}
{'loss': 0.1652, 'grad_norm': 0.9976140856742859, 'learning_rate': 7.884097035040431e-06, 'epoch': 1.89}
{'loss': 0.2013, 'grad_norm': 3.901906967163086, 'learning_rate': 7.799865229110512e-06, 'epoch': 1.9}
{'loss': 0.167, 'grad_norm': 5.847569465637207, 'learning_rate': 7.715633423180594e-06, 'epoch': 1.91}
{'loss': 0.2112, 'grad_norm': 16.117778778076172, 'learning_rate': 7.631401617250675e-06, 'epoch': 1.92}
{'loss': 0.2412, 'grad_norm': 13.756634712219238, 'learning_rate': 7.5471698113207555e-06, 'epoch': 1.94}
{'loss': 0.1625, 'grad_norm': 3.6131513118743896, 'learning_rate': 7.462938005390836e-06, 'epoch': 1.95}
{'loss': 0.1894, 'grad_norm': 1.373983383178711, 'learning_rate': 7.378706199460917e-06, 'epoch': 1.96}
{'loss': 0.1629, 'grad_norm': 2.162543535232544, 'learning_rate': 7.294474393530998e-06, 'epoch': 1.97}
{'loss': 0.2017, 'grad_norm': 17.80315399169922, 'learning_rate': 7.210242587601079e-06, 'epoch': 1.98}
{'loss': 0.1805, 'grad_norm': 6.044827938079834, 'learning_rate': 7.12601078167116e-06, 'epoch': 2.0}
{'loss': 0.1571, 'grad_norm': 12.11392593383789, 'learning_rate': 7.04177897574124e-06, 'epoch': 2.01}
{'loss': 0.1267, 'grad_norm': 10.333908081054688, 'learning_rate': 6.957547169811321e-06, 'epoch': 2.02}
{'loss': 0.1822, 'grad_norm': 5.691314697265625, 'learning_rate': 6.873315363881402e-06, 'epoch': 2.03}
{'loss': 0.1401, 'grad_norm': 9.619956970214844, 'learning_rate': 6.7890835579514834e-06, 'epoch': 2.04}
{'loss': 0.1689, 'grad_norm': 6.088257789611816, 'learning_rate': 6.704851752021564e-06, 'epoch': 2.05}
{'loss': 0.1353, 'grad_norm': 12.69257640838623, 'learning_rate': 6.620619946091645e-06, 'epoch': 2.07}
{'loss': 0.1581, 'grad_norm': 1.0789592266082764, 'learning_rate': 6.536388140161726e-06, 'epoch': 2.08}
{'loss': 0.1781, 'grad_norm': 17.78386878967285, 'learning_rate': 6.452156334231806e-06, 'epoch': 2.09}
{'loss': 0.1705, 'grad_norm': 16.166427612304688, 'learning_rate': 6.367924528301887e-06, 'epoch': 2.1}
{'loss': 0.1679, 'grad_norm': 9.713033676147461, 'learning_rate': 6.283692722371968e-06, 'epoch': 2.11}
{'loss': 0.132, 'grad_norm': 1.8270435333251953, 'learning_rate': 6.199460916442049e-06, 'epoch': 2.13}
{'loss': 0.1972, 'grad_norm': 11.6151762008667, 'learning_rate': 6.11522911051213e-06, 'epoch': 2.14}
{'loss': 0.1525, 'grad_norm': 6.039804458618164, 'learning_rate': 6.030997304582211e-06, 'epoch': 2.15}
{'loss': 0.1481, 'grad_norm': 8.821234703063965, 'learning_rate': 5.946765498652292e-06, 'epoch': 2.16}
{'loss': 0.1466, 'grad_norm': 0.7420893311500549, 'learning_rate': 5.862533692722372e-06, 'epoch': 2.17}
{'loss': 0.15, 'grad_norm': 2.6664390563964844, 'learning_rate': 5.778301886792453e-06, 'epoch': 2.19}
{'loss': 0.1386, 'grad_norm': 7.743616580963135, 'learning_rate': 5.694070080862534e-06, 'epoch': 2.2}
{'loss': 0.1322, 'grad_norm': 1.3436647653579712, 'learning_rate': 5.609838274932615e-06, 'epoch': 2.21}
{'loss': 0.1711, 'grad_norm': 9.941436767578125, 'learning_rate': 5.525606469002696e-06, 'epoch': 2.22}
{'loss': 0.1894, 'grad_norm': 15.855483055114746, 'learning_rate': 5.441374663072777e-06, 'epoch': 2.23}
{'loss': 0.1914, 'grad_norm': 10.6919527053833, 'learning_rate': 5.357142857142857e-06, 'epoch': 2.24}
{'loss': 0.1599, 'grad_norm': 1.0906718969345093, 'learning_rate': 5.2729110512129385e-06, 'epoch': 2.26}
{'loss': 0.1249, 'grad_norm': 7.717898368835449, 'learning_rate': 5.188679245283019e-06, 'epoch': 2.27}
{'loss': 0.1373, 'grad_norm': 11.724344253540039, 'learning_rate': 5.1044474393531e-06, 'epoch': 2.28}
{'loss': 0.1654, 'grad_norm': 13.131863594055176, 'learning_rate': 5.020215633423181e-06, 'epoch': 2.29}
{'loss': 0.1771, 'grad_norm': 2.6019864082336426, 'learning_rate': 4.935983827493262e-06, 'epoch': 2.3}
{'loss': 0.155, 'grad_norm': 20.678115844726562, 'learning_rate': 4.851752021563343e-06, 'epoch': 2.32}
{'loss': 0.1675, 'grad_norm': 8.636612892150879, 'learning_rate': 4.767520215633424e-06, 'epoch': 2.33}
{'loss': 0.1498, 'grad_norm': 24.031095504760742, 'learning_rate': 4.683288409703504e-06, 'epoch': 2.34}
{'loss': 0.1374, 'grad_norm': 7.373005390167236, 'learning_rate': 4.599056603773585e-06, 'epoch': 2.35}
{'loss': 0.1656, 'grad_norm': 12.591991424560547, 'learning_rate': 4.5148247978436664e-06, 'epoch': 2.36}
{'loss': 0.1184, 'grad_norm': 12.917255401611328, 'learning_rate': 4.430592991913747e-06, 'epoch': 2.38}
{'loss': 0.1387, 'grad_norm': 17.83232307434082, 'learning_rate': 4.346361185983828e-06, 'epoch': 2.39}
{'loss': 0.127, 'grad_norm': 1.143871784210205, 'learning_rate': 4.262129380053909e-06, 'epoch': 2.4}
{'loss': 0.1177, 'grad_norm': 12.74111557006836, 'learning_rate': 4.17789757412399e-06, 'epoch': 2.41}
{'loss': 0.1472, 'grad_norm': 3.1525516510009766, 'learning_rate': 4.09366576819407e-06, 'epoch': 2.42}
{'loss': 0.171, 'grad_norm': 13.443592071533203, 'learning_rate': 4.009433962264152e-06, 'epoch': 2.43}
{'loss': 0.1557, 'grad_norm': 11.079022407531738, 'learning_rate': 3.9252021563342315e-06, 'epoch': 2.45}
{'loss': 0.1326, 'grad_norm': 17.11070442199707, 'learning_rate': 3.840970350404313e-06, 'epoch': 2.46}
{'loss': 0.1391, 'grad_norm': 11.77036190032959, 'learning_rate': 3.7567385444743935e-06, 'epoch': 2.47}
{'loss': 0.1849, 'grad_norm': 3.756139039993286, 'learning_rate': 3.6725067385444746e-06, 'epoch': 2.48}
{'loss': 0.1482, 'grad_norm': 16.95571517944336, 'learning_rate': 3.5882749326145556e-06, 'epoch': 2.49}
{'loss': 0.1999, 'grad_norm': 12.224886894226074, 'learning_rate': 3.5040431266846366e-06, 'epoch': 2.51}
{'loss': 0.1842, 'grad_norm': 4.199808120727539, 'learning_rate': 3.419811320754717e-06, 'epoch': 2.52}
{'loss': 0.1639, 'grad_norm': 10.045928001403809, 'learning_rate': 3.3355795148247982e-06, 'epoch': 2.53}
{'loss': 0.0917, 'grad_norm': 0.3185296654701233, 'learning_rate': 3.2513477088948792e-06, 'epoch': 2.54}
{'loss': 0.1507, 'grad_norm': 0.5908949375152588, 'learning_rate': 3.1671159029649603e-06, 'epoch': 2.55}
{'loss': 0.1576, 'grad_norm': 6.622805595397949, 'learning_rate': 3.0828840970350405e-06, 'epoch': 2.57}
{'loss': 0.1506, 'grad_norm': 14.696760177612305, 'learning_rate': 2.9986522911051215e-06, 'epoch': 2.58}
{'loss': 0.1287, 'grad_norm': 3.9504752159118652, 'learning_rate': 2.914420485175202e-06, 'epoch': 2.59}
{'loss': 0.1757, 'grad_norm': 26.664165496826172, 'learning_rate': 2.830188679245283e-06, 'epoch': 2.6}
{'loss': 0.2035, 'grad_norm': 7.52691650390625, 'learning_rate': 2.745956873315364e-06, 'epoch': 2.61}
{'loss': 0.1642, 'grad_norm': 11.28758716583252, 'learning_rate': 2.661725067385445e-06, 'epoch': 2.62}
{'loss': 0.1416, 'grad_norm': 0.2718364894390106, 'learning_rate': 2.5774932614555257e-06, 'epoch': 2.64}
{'loss': 0.1238, 'grad_norm': 26.75201416015625, 'learning_rate': 2.4932614555256063e-06, 'epoch': 2.65}
{'loss': 0.1075, 'grad_norm': 9.203171730041504, 'learning_rate': 2.4090296495956874e-06, 'epoch': 2.66}
{'loss': 0.1431, 'grad_norm': 12.433359146118164, 'learning_rate': 2.3247978436657684e-06, 'epoch': 2.67}
{'loss': 0.1628, 'grad_norm': 16.1461181640625, 'learning_rate': 2.2405660377358494e-06, 'epoch': 2.68}
{'loss': 0.1503, 'grad_norm': 15.616623878479004, 'learning_rate': 2.15633423180593e-06, 'epoch': 2.7}
{'loss': 0.1602, 'grad_norm': 0.28613415360450745, 'learning_rate': 2.072102425876011e-06, 'epoch': 2.71}
{'loss': 0.1561, 'grad_norm': 1.9098989963531494, 'learning_rate': 1.9878706199460916e-06, 'epoch': 2.72}
{'loss': 0.1093, 'grad_norm': 0.3731195330619812, 'learning_rate': 1.9036388140161727e-06, 'epoch': 2.73}
{'loss': 0.1643, 'grad_norm': 22.840818405151367, 'learning_rate': 1.8194070080862537e-06, 'epoch': 2.74}
{'loss': 0.148, 'grad_norm': 10.1908540725708, 'learning_rate': 1.7351752021563345e-06, 'epoch': 2.76}
{'loss': 0.1626, 'grad_norm': 0.8993074893951416, 'learning_rate': 1.650943396226415e-06, 'epoch': 2.77}
{'loss': 0.1268, 'grad_norm': 6.50699520111084, 'learning_rate': 1.5667115902964961e-06, 'epoch': 2.78}
{'loss': 0.1698, 'grad_norm': 8.826170921325684, 'learning_rate': 1.482479784366577e-06, 'epoch': 2.79}
{'loss': 0.1735, 'grad_norm': 12.143874168395996, 'learning_rate': 1.398247978436658e-06, 'epoch': 2.8}
{'loss': 0.142, 'grad_norm': 9.753162384033203, 'learning_rate': 1.3140161725067386e-06, 'epoch': 2.81}
{'loss': 0.1518, 'grad_norm': 17.504581451416016, 'learning_rate': 1.2297843665768196e-06, 'epoch': 2.83}
{'loss': 0.1546, 'grad_norm': 10.500641822814941, 'learning_rate': 1.1455525606469004e-06, 'epoch': 2.84}
{'loss': 0.1776, 'grad_norm': 0.3446812331676483, 'learning_rate': 1.0613207547169812e-06, 'epoch': 2.85}
{'loss': 0.1226, 'grad_norm': 15.00544261932373, 'learning_rate': 9.77088948787062e-07, 'epoch': 2.86}
{'loss': 0.1735, 'grad_norm': 7.09329080581665, 'learning_rate': 8.928571428571429e-07, 'epoch': 2.87}
{'loss': 0.1787, 'grad_norm': 20.427610397338867, 'learning_rate': 8.086253369272238e-07, 'epoch': 2.89}
{'loss': 0.1521, 'grad_norm': 11.774341583251953, 'learning_rate': 7.243935309973047e-07, 'epoch': 2.9}
{'loss': 0.1182, 'grad_norm': 6.751780033111572, 'learning_rate': 6.401617250673856e-07, 'epoch': 2.91}
{'loss': 0.1275, 'grad_norm': 1.1283810138702393, 'learning_rate': 5.559299191374663e-07, 'epoch': 2.92}
{'loss': 0.1598, 'grad_norm': 12.483787536621094, 'learning_rate': 4.716981132075472e-07, 'epoch': 2.93}
{'loss': 0.1507, 'grad_norm': 10.326750755310059, 'learning_rate': 3.874663072776281e-07, 'epoch': 2.95}
{'loss': 0.1076, 'grad_norm': 0.1442798674106598, 'learning_rate': 3.0323450134770895e-07, 'epoch': 2.96}
{'loss': 0.1612, 'grad_norm': 0.28581926226615906, 'learning_rate': 2.190026954177898e-07, 'epoch': 2.97}
{'loss': 0.1366, 'grad_norm': 15.63492202758789, 'learning_rate': 1.3477088948787063e-07, 'epoch': 2.98}
{'loss': 0.1494, 'grad_norm': 1.3449115753173828, 'learning_rate': 5.0539083557951485e-08, 'epoch': 2.99}
{'train_runtime': 432.4168, 'train_samples_per_second': 467.251, 'train_steps_per_second': 29.208, 'train_loss': 0.24308232521123577, 'epoch': 3.0}
Evaluating clean validation: distilgpt2_sst2_confidence
Evaluating noisy validation: distilgpt2_sst2_confidence

----- Downstream model: t5small_sst2_confidence (encoder_decoder) -----
{'loss': 7.8606, 'grad_norm': 48.31816864013672, 'learning_rate': 1.3192612137203166e-06, 'epoch': 0.01}
{'loss': 7.3429, 'grad_norm': 38.22316360473633, 'learning_rate': 2.6385224274406333e-06, 'epoch': 0.02}
{'loss': 6.2929, 'grad_norm': 26.566858291625977, 'learning_rate': 3.95778364116095e-06, 'epoch': 0.04}
{'loss': 4.7836, 'grad_norm': 29.8806209564209, 'learning_rate': 5.2770448548812665e-06, 'epoch': 0.05}
{'loss': 3.0805, 'grad_norm': 19.257104873657227, 'learning_rate': 6.596306068601583e-06, 'epoch': 0.06}
{'loss': 1.0867, 'grad_norm': 5.291608810424805, 'learning_rate': 7.9155672823219e-06, 'epoch': 0.07}
{'loss': 0.2923, 'grad_norm': 2.8765759468078613, 'learning_rate': 9.234828496042218e-06, 'epoch': 0.08}
{'loss': 0.2031, 'grad_norm': 1.6455247402191162, 'learning_rate': 1.0554089709762533e-05, 'epoch': 0.1}
{'loss': 0.173, 'grad_norm': 1.3850756883621216, 'learning_rate': 1.1873350923482852e-05, 'epoch': 0.11}
{'loss': 0.1524, 'grad_norm': 2.8394830226898193, 'learning_rate': 1.3192612137203167e-05, 'epoch': 0.12}
{'loss': 0.161, 'grad_norm': 2.1351263523101807, 'learning_rate': 1.4511873350923484e-05, 'epoch': 0.13}
{'loss': 0.1707, 'grad_norm': 1.956848382949829, 'learning_rate': 1.58311345646438e-05, 'epoch': 0.14}
{'loss': 0.1587, 'grad_norm': 2.4459972381591797, 'learning_rate': 1.7150395778364116e-05, 'epoch': 0.15}
{'loss': 0.1649, 'grad_norm': 3.6031246185302734, 'learning_rate': 1.8469656992084436e-05, 'epoch': 0.17}
{'loss': 0.1355, 'grad_norm': 1.473699927330017, 'learning_rate': 1.978891820580475e-05, 'epoch': 0.18}
{'loss': 0.1369, 'grad_norm': 2.3590247631073, 'learning_rate': 1.992924528301887e-05, 'epoch': 0.19}
{'loss': 0.141, 'grad_norm': 3.9458887577056885, 'learning_rate': 1.984501347708895e-05, 'epoch': 0.2}
{'loss': 0.1545, 'grad_norm': 2.676368474960327, 'learning_rate': 1.976078167115903e-05, 'epoch': 0.21}
{'loss': 0.1434, 'grad_norm': 1.467280387878418, 'learning_rate': 1.9676549865229113e-05, 'epoch': 0.23}
{'loss': 0.1235, 'grad_norm': 10.037497520446777, 'learning_rate': 1.9592318059299192e-05, 'epoch': 0.24}
{'loss': 0.1501, 'grad_norm': 1.502465009689331, 'learning_rate': 1.9508086253369275e-05, 'epoch': 0.25}
{'loss': 0.1549, 'grad_norm': 2.5124733448028564, 'learning_rate': 1.9423854447439354e-05, 'epoch': 0.26}
{'loss': 0.1552, 'grad_norm': 1.381217360496521, 'learning_rate': 1.9339622641509436e-05, 'epoch': 0.27}
{'loss': 0.1193, 'grad_norm': 1.6102356910705566, 'learning_rate': 1.9255390835579518e-05, 'epoch': 0.29}
{'loss': 0.1462, 'grad_norm': 3.64852237701416, 'learning_rate': 1.9171159029649597e-05, 'epoch': 0.3}
{'loss': 0.1436, 'grad_norm': 0.2878618836402893, 'learning_rate': 1.908692722371968e-05, 'epoch': 0.31}
{'loss': 0.1342, 'grad_norm': 1.171268105506897, 'learning_rate': 1.9002695417789758e-05, 'epoch': 0.32}
{'loss': 0.1154, 'grad_norm': 1.436342477798462, 'learning_rate': 1.891846361185984e-05, 'epoch': 0.33}
{'loss': 0.1336, 'grad_norm': 1.6971173286437988, 'learning_rate': 1.8834231805929923e-05, 'epoch': 0.34}
{'loss': 0.1388, 'grad_norm': 2.448294162750244, 'learning_rate': 1.8750000000000002e-05, 'epoch': 0.36}
{'loss': 0.132, 'grad_norm': 2.0121958255767822, 'learning_rate': 1.866576819407008e-05, 'epoch': 0.37}
{'loss': 0.1242, 'grad_norm': 4.044650077819824, 'learning_rate': 1.8581536388140163e-05, 'epoch': 0.38}
{'loss': 0.1132, 'grad_norm': 1.6268210411071777, 'learning_rate': 1.8497304582210245e-05, 'epoch': 0.39}
{'loss': 0.1281, 'grad_norm': 1.2609121799468994, 'learning_rate': 1.8413072776280324e-05, 'epoch': 0.4}
{'loss': 0.1095, 'grad_norm': 3.282783031463623, 'learning_rate': 1.8328840970350406e-05, 'epoch': 0.42}
{'loss': 0.1367, 'grad_norm': 6.869551658630371, 'learning_rate': 1.8244609164420485e-05, 'epoch': 0.43}
{'loss': 0.1322, 'grad_norm': 1.2302433252334595, 'learning_rate': 1.8160377358490568e-05, 'epoch': 0.44}
{'loss': 0.1291, 'grad_norm': 4.824206352233887, 'learning_rate': 1.807614555256065e-05, 'epoch': 0.45}
{'loss': 0.1185, 'grad_norm': 2.8863492012023926, 'learning_rate': 1.799191374663073e-05, 'epoch': 0.46}
{'loss': 0.1261, 'grad_norm': 2.710038423538208, 'learning_rate': 1.790768194070081e-05, 'epoch': 0.48}
{'loss': 0.1368, 'grad_norm': 2.857954263687134, 'learning_rate': 1.782345013477089e-05, 'epoch': 0.49}
{'loss': 0.1117, 'grad_norm': 1.1692018508911133, 'learning_rate': 1.7739218328840972e-05, 'epoch': 0.5}
{'loss': 0.1264, 'grad_norm': 2.205106019973755, 'learning_rate': 1.765498652291105e-05, 'epoch': 0.51}
{'loss': 0.134, 'grad_norm': 0.8213244080543518, 'learning_rate': 1.7570754716981134e-05, 'epoch': 0.52}
{'loss': 0.1283, 'grad_norm': 0.3859701454639435, 'learning_rate': 1.7486522911051212e-05, 'epoch': 0.53}
{'loss': 0.1253, 'grad_norm': 3.1976418495178223, 'learning_rate': 1.7402291105121295e-05, 'epoch': 0.55}
{'loss': 0.1488, 'grad_norm': 1.1609162092208862, 'learning_rate': 1.7318059299191377e-05, 'epoch': 0.56}
{'loss': 0.1277, 'grad_norm': 2.6856870651245117, 'learning_rate': 1.7233827493261456e-05, 'epoch': 0.57}
{'loss': 0.1208, 'grad_norm': 1.8198672533035278, 'learning_rate': 1.7149595687331538e-05, 'epoch': 0.58}
{'loss': 0.1098, 'grad_norm': 2.3773815631866455, 'learning_rate': 1.7065363881401617e-05, 'epoch': 0.59}
{'loss': 0.1095, 'grad_norm': 1.3237354755401611, 'learning_rate': 1.69811320754717e-05, 'epoch': 0.61}
{'loss': 0.1354, 'grad_norm': 1.3151192665100098, 'learning_rate': 1.6896900269541782e-05, 'epoch': 0.62}
{'loss': 0.1267, 'grad_norm': 1.3909845352172852, 'learning_rate': 1.681266846361186e-05, 'epoch': 0.63}
{'loss': 0.1258, 'grad_norm': 3.562309980392456, 'learning_rate': 1.6728436657681943e-05, 'epoch': 0.64}
{'loss': 0.124, 'grad_norm': 1.56227707862854, 'learning_rate': 1.6644204851752025e-05, 'epoch': 0.65}
{'loss': 0.125, 'grad_norm': 2.8638901710510254, 'learning_rate': 1.6559973045822104e-05, 'epoch': 0.67}
{'loss': 0.1276, 'grad_norm': 1.4637737274169922, 'learning_rate': 1.6475741239892183e-05, 'epoch': 0.68}
{'loss': 0.135, 'grad_norm': 2.213469982147217, 'learning_rate': 1.6391509433962265e-05, 'epoch': 0.69}
{'loss': 0.1229, 'grad_norm': 1.1242294311523438, 'learning_rate': 1.6307277628032344e-05, 'epoch': 0.7}
{'loss': 0.106, 'grad_norm': 3.8394737243652344, 'learning_rate': 1.6223045822102427e-05, 'epoch': 0.71}
{'loss': 0.1193, 'grad_norm': 2.834085702896118, 'learning_rate': 1.613881401617251e-05, 'epoch': 0.72}
{'loss': 0.12, 'grad_norm': 2.770965099334717, 'learning_rate': 1.6054582210242588e-05, 'epoch': 0.74}
{'loss': 0.1247, 'grad_norm': 2.7373130321502686, 'learning_rate': 1.597035040431267e-05, 'epoch': 0.75}
{'loss': 0.0946, 'grad_norm': 0.9887431859970093, 'learning_rate': 1.5886118598382752e-05, 'epoch': 0.76}
{'loss': 0.1316, 'grad_norm': 2.198263168334961, 'learning_rate': 1.580188679245283e-05, 'epoch': 0.77}
{'loss': 0.1189, 'grad_norm': 2.123661994934082, 'learning_rate': 1.5717654986522914e-05, 'epoch': 0.78}
{'loss': 0.1255, 'grad_norm': 2.8270270824432373, 'learning_rate': 1.5633423180592992e-05, 'epoch': 0.8}
{'loss': 0.1244, 'grad_norm': 2.1057801246643066, 'learning_rate': 1.5549191374663075e-05, 'epoch': 0.81}
{'loss': 0.1171, 'grad_norm': 0.7831085324287415, 'learning_rate': 1.5464959568733157e-05, 'epoch': 0.82}
{'loss': 0.1117, 'grad_norm': 1.600678563117981, 'learning_rate': 1.5380727762803236e-05, 'epoch': 0.83}
{'loss': 0.1211, 'grad_norm': 4.636324882507324, 'learning_rate': 1.5296495956873315e-05, 'epoch': 0.84}
{'loss': 0.0982, 'grad_norm': 3.9009084701538086, 'learning_rate': 1.5212264150943397e-05, 'epoch': 0.86}
{'loss': 0.1168, 'grad_norm': 2.1484503746032715, 'learning_rate': 1.512803234501348e-05, 'epoch': 0.87}
{'loss': 0.1209, 'grad_norm': 3.2762484550476074, 'learning_rate': 1.504380053908356e-05, 'epoch': 0.88}
{'loss': 0.1133, 'grad_norm': 3.13047194480896, 'learning_rate': 1.495956873315364e-05, 'epoch': 0.89}
{'loss': 0.1118, 'grad_norm': 0.8555529713630676, 'learning_rate': 1.487533692722372e-05, 'epoch': 0.9}
{'loss': 0.1308, 'grad_norm': 1.791674017906189, 'learning_rate': 1.4791105121293804e-05, 'epoch': 0.91}
{'loss': 0.1178, 'grad_norm': 0.3383539915084839, 'learning_rate': 1.4706873315363882e-05, 'epoch': 0.93}
{'loss': 0.1387, 'grad_norm': 2.831129550933838, 'learning_rate': 1.4622641509433963e-05, 'epoch': 0.94}
{'loss': 0.117, 'grad_norm': 1.743839144706726, 'learning_rate': 1.4538409703504044e-05, 'epoch': 0.95}
{'loss': 0.139, 'grad_norm': 2.6360418796539307, 'learning_rate': 1.4454177897574124e-05, 'epoch': 0.96}
{'loss': 0.1153, 'grad_norm': 0.9607194066047668, 'learning_rate': 1.4369946091644207e-05, 'epoch': 0.97}
{'loss': 0.094, 'grad_norm': 2.779561996459961, 'learning_rate': 1.4285714285714287e-05, 'epoch': 0.99}
{'loss': 0.1108, 'grad_norm': 3.7501237392425537, 'learning_rate': 1.4201482479784368e-05, 'epoch': 1.0}
{'loss': 0.1026, 'grad_norm': 2.6187310218811035, 'learning_rate': 1.4117250673854448e-05, 'epoch': 1.01}
{'loss': 0.1048, 'grad_norm': 1.9917542934417725, 'learning_rate': 1.403301886792453e-05, 'epoch': 1.02}
{'loss': 0.1096, 'grad_norm': 0.7743551731109619, 'learning_rate': 1.3948787061994611e-05, 'epoch': 1.03}
{'loss': 0.1046, 'grad_norm': 2.4840455055236816, 'learning_rate': 1.3864555256064692e-05, 'epoch': 1.05}
{'loss': 0.1065, 'grad_norm': 0.6710782051086426, 'learning_rate': 1.378032345013477e-05, 'epoch': 1.06}
{'loss': 0.1162, 'grad_norm': 2.227867603302002, 'learning_rate': 1.3696091644204851e-05, 'epoch': 1.07}
{'loss': 0.102, 'grad_norm': 4.178356647491455, 'learning_rate': 1.3611859838274935e-05, 'epoch': 1.08}
{'loss': 0.1245, 'grad_norm': 2.8413021564483643, 'learning_rate': 1.3527628032345014e-05, 'epoch': 1.09}
{'loss': 0.1086, 'grad_norm': 2.439206123352051, 'learning_rate': 1.3443396226415095e-05, 'epoch': 1.1}
{'loss': 0.1072, 'grad_norm': 1.7440515756607056, 'learning_rate': 1.3359164420485175e-05, 'epoch': 1.12}
{'loss': 0.1075, 'grad_norm': 2.1165130138397217, 'learning_rate': 1.3274932614555258e-05, 'epoch': 1.13}
{'loss': 0.0888, 'grad_norm': 2.755002975463867, 'learning_rate': 1.3190700808625338e-05, 'epoch': 1.14}
{'loss': 0.124, 'grad_norm': 1.9981427192687988, 'learning_rate': 1.3106469002695419e-05, 'epoch': 1.15}
{'loss': 0.1079, 'grad_norm': 1.0575041770935059, 'learning_rate': 1.30222371967655e-05, 'epoch': 1.16}
{'loss': 0.1151, 'grad_norm': 2.5713284015655518, 'learning_rate': 1.293800539083558e-05, 'epoch': 1.18}
{'loss': 0.1225, 'grad_norm': 1.1623928546905518, 'learning_rate': 1.2853773584905662e-05, 'epoch': 1.19}
{'loss': 0.0952, 'grad_norm': 2.5230793952941895, 'learning_rate': 1.2769541778975743e-05, 'epoch': 1.2}
{'loss': 0.1346, 'grad_norm': 0.8423279523849487, 'learning_rate': 1.2685309973045824e-05, 'epoch': 1.21}
{'loss': 0.1102, 'grad_norm': 2.2723896503448486, 'learning_rate': 1.2601078167115903e-05, 'epoch': 1.22}
{'loss': 0.103, 'grad_norm': 1.842220425605774, 'learning_rate': 1.2516846361185987e-05, 'epoch': 1.24}
{'loss': 0.1199, 'grad_norm': 3.101109743118286, 'learning_rate': 1.2432614555256065e-05, 'epoch': 1.25}
{'loss': 0.1108, 'grad_norm': 0.8972644805908203, 'learning_rate': 1.2348382749326146e-05, 'epoch': 1.26}
{'loss': 0.1182, 'grad_norm': 2.926164150238037, 'learning_rate': 1.2264150943396227e-05, 'epoch': 1.27}
{'loss': 0.1168, 'grad_norm': 0.44353219866752625, 'learning_rate': 1.2179919137466307e-05, 'epoch': 1.28}
{'loss': 0.1058, 'grad_norm': 3.2988839149475098, 'learning_rate': 1.209568733153639e-05, 'epoch': 1.29}
{'loss': 0.12, 'grad_norm': 0.6981155872344971, 'learning_rate': 1.201145552560647e-05, 'epoch': 1.31}
{'loss': 0.099, 'grad_norm': 2.3708693981170654, 'learning_rate': 1.192722371967655e-05, 'epoch': 1.32}
{'loss': 0.1252, 'grad_norm': 3.8173561096191406, 'learning_rate': 1.1842991913746631e-05, 'epoch': 1.33}
{'loss': 0.1091, 'grad_norm': 2.4924166202545166, 'learning_rate': 1.1758760107816714e-05, 'epoch': 1.34}
{'loss': 0.1035, 'grad_norm': 1.3992935419082642, 'learning_rate': 1.1674528301886794e-05, 'epoch': 1.35}
{'loss': 0.1023, 'grad_norm': 2.872056722640991, 'learning_rate': 1.1590296495956875e-05, 'epoch': 1.37}
{'loss': 0.0976, 'grad_norm': 3.281291961669922, 'learning_rate': 1.1506064690026955e-05, 'epoch': 1.38}
{'loss': 0.0871, 'grad_norm': 2.5414798259735107, 'learning_rate': 1.1421832884097034e-05, 'epoch': 1.39}
{'loss': 0.1237, 'grad_norm': 2.3381714820861816, 'learning_rate': 1.1337601078167118e-05, 'epoch': 1.4}
{'loss': 0.1219, 'grad_norm': 4.6778106689453125, 'learning_rate': 1.1253369272237197e-05, 'epoch': 1.41}
{'loss': 0.1046, 'grad_norm': 6.057636737823486, 'learning_rate': 1.1169137466307278e-05, 'epoch': 1.43}
{'loss': 0.1202, 'grad_norm': 0.9071688652038574, 'learning_rate': 1.1084905660377358e-05, 'epoch': 1.44}
{'loss': 0.1235, 'grad_norm': 2.7804272174835205, 'learning_rate': 1.100067385444744e-05, 'epoch': 1.45}
{'loss': 0.1057, 'grad_norm': 0.8558514714241028, 'learning_rate': 1.0916442048517521e-05, 'epoch': 1.46}
{'loss': 0.1058, 'grad_norm': 1.4485008716583252, 'learning_rate': 1.0832210242587602e-05, 'epoch': 1.47}
{'loss': 0.1016, 'grad_norm': 1.7843307256698608, 'learning_rate': 1.0747978436657683e-05, 'epoch': 1.48}
{'loss': 0.1059, 'grad_norm': 1.8766862154006958, 'learning_rate': 1.0663746630727763e-05, 'epoch': 1.5}
{'loss': 0.1043, 'grad_norm': 1.7894024848937988, 'learning_rate': 1.0579514824797845e-05, 'epoch': 1.51}
{'loss': 0.1105, 'grad_norm': 4.994014739990234, 'learning_rate': 1.0495283018867926e-05, 'epoch': 1.52}
{'loss': 0.0974, 'grad_norm': 1.9363876581192017, 'learning_rate': 1.0411051212938007e-05, 'epoch': 1.53}
{'loss': 0.0975, 'grad_norm': 1.4165087938308716, 'learning_rate': 1.0326819407008086e-05, 'epoch': 1.54}
{'loss': 0.1217, 'grad_norm': 0.14623939990997314, 'learning_rate': 1.024258760107817e-05, 'epoch': 1.56}
{'loss': 0.1107, 'grad_norm': 4.637303352355957, 'learning_rate': 1.0158355795148248e-05, 'epoch': 1.57}
{'loss': 0.1003, 'grad_norm': 1.3068017959594727, 'learning_rate': 1.0074123989218329e-05, 'epoch': 1.58}
{'loss': 0.1299, 'grad_norm': 3.416829824447632, 'learning_rate': 9.989892183288411e-06, 'epoch': 1.59}
{'loss': 0.1341, 'grad_norm': 4.767728805541992, 'learning_rate': 9.905660377358492e-06, 'epoch': 1.6}
{'loss': 0.0985, 'grad_norm': 3.178705930709839, 'learning_rate': 9.821428571428573e-06, 'epoch': 1.62}
{'loss': 0.1022, 'grad_norm': 1.1237479448318481, 'learning_rate': 9.737196765498653e-06, 'epoch': 1.63}
{'loss': 0.1114, 'grad_norm': 2.3232126235961914, 'learning_rate': 9.652964959568734e-06, 'epoch': 1.64}
{'loss': 0.1198, 'grad_norm': 2.5724735260009766, 'learning_rate': 9.568733153638814e-06, 'epoch': 1.65}
{'loss': 0.0999, 'grad_norm': 1.7028911113739014, 'learning_rate': 9.484501347708895e-06, 'epoch': 1.66}
{'loss': 0.1189, 'grad_norm': 2.798375368118286, 'learning_rate': 9.400269541778977e-06, 'epoch': 1.67}
{'loss': 0.1009, 'grad_norm': 3.508699893951416, 'learning_rate': 9.316037735849058e-06, 'epoch': 1.69}
{'loss': 0.1192, 'grad_norm': 2.419522523880005, 'learning_rate': 9.231805929919138e-06, 'epoch': 1.7}
{'loss': 0.1142, 'grad_norm': 1.359671711921692, 'learning_rate': 9.147574123989219e-06, 'epoch': 1.71}
{'loss': 0.0979, 'grad_norm': 2.1524100303649902, 'learning_rate': 9.0633423180593e-06, 'epoch': 1.72}
{'loss': 0.108, 'grad_norm': 2.291900634765625, 'learning_rate': 8.97911051212938e-06, 'epoch': 1.73}
{'loss': 0.1198, 'grad_norm': 3.2520408630371094, 'learning_rate': 8.89487870619946e-06, 'epoch': 1.75}
{'loss': 0.111, 'grad_norm': 1.8834415674209595, 'learning_rate': 8.810646900269543e-06, 'epoch': 1.76}
{'loss': 0.1189, 'grad_norm': 0.9336037039756775, 'learning_rate': 8.726415094339624e-06, 'epoch': 1.77}
{'loss': 0.1065, 'grad_norm': 2.6940882205963135, 'learning_rate': 8.642183288409704e-06, 'epoch': 1.78}
{'loss': 0.106, 'grad_norm': 2.9357755184173584, 'learning_rate': 8.557951482479785e-06, 'epoch': 1.79}
{'loss': 0.1112, 'grad_norm': 2.5970633029937744, 'learning_rate': 8.473719676549867e-06, 'epoch': 1.81}
{'loss': 0.1123, 'grad_norm': 2.357245445251465, 'learning_rate': 8.389487870619946e-06, 'epoch': 1.82}
{'loss': 0.1115, 'grad_norm': 1.3506019115447998, 'learning_rate': 8.305256064690027e-06, 'epoch': 1.83}
{'loss': 0.1012, 'grad_norm': 1.5646110773086548, 'learning_rate': 8.221024258760109e-06, 'epoch': 1.84}
{'loss': 0.1084, 'grad_norm': 0.6529947519302368, 'learning_rate': 8.13679245283019e-06, 'epoch': 1.85}
{'loss': 0.1163, 'grad_norm': 2.388206720352173, 'learning_rate': 8.05256064690027e-06, 'epoch': 1.86}
{'loss': 0.1293, 'grad_norm': 3.892197608947754, 'learning_rate': 7.96832884097035e-06, 'epoch': 1.88}
{'loss': 0.1079, 'grad_norm': 0.7985040545463562, 'learning_rate': 7.884097035040431e-06, 'epoch': 1.89}
{'loss': 0.113, 'grad_norm': 0.9878320693969727, 'learning_rate': 7.799865229110512e-06, 'epoch': 1.9}
{'loss': 0.1033, 'grad_norm': 5.606049537658691, 'learning_rate': 7.715633423180594e-06, 'epoch': 1.91}
{'loss': 0.0917, 'grad_norm': 1.985535740852356, 'learning_rate': 7.631401617250675e-06, 'epoch': 1.92}
{'loss': 0.1299, 'grad_norm': 3.707937717437744, 'learning_rate': 7.5471698113207555e-06, 'epoch': 1.94}
{'loss': 0.097, 'grad_norm': 2.840715169906616, 'learning_rate': 7.462938005390836e-06, 'epoch': 1.95}
{'loss': 0.104, 'grad_norm': 0.5825773477554321, 'learning_rate': 7.378706199460917e-06, 'epoch': 1.96}
{'loss': 0.0975, 'grad_norm': 0.8498150706291199, 'learning_rate': 7.294474393530998e-06, 'epoch': 1.97}
{'loss': 0.1138, 'grad_norm': 1.5502406358718872, 'learning_rate': 7.210242587601079e-06, 'epoch': 1.98}
{'loss': 0.112, 'grad_norm': 2.7713375091552734, 'learning_rate': 7.12601078167116e-06, 'epoch': 2.0}
{'loss': 0.1075, 'grad_norm': 2.4199817180633545, 'learning_rate': 7.04177897574124e-06, 'epoch': 2.01}
{'loss': 0.1032, 'grad_norm': 1.267586350440979, 'learning_rate': 6.957547169811321e-06, 'epoch': 2.02}
{'loss': 0.1227, 'grad_norm': 2.3708953857421875, 'learning_rate': 6.873315363881402e-06, 'epoch': 2.03}
{'loss': 0.1075, 'grad_norm': 1.864898681640625, 'learning_rate': 6.7890835579514834e-06, 'epoch': 2.04}
{'loss': 0.1037, 'grad_norm': 2.850231885910034, 'learning_rate': 6.704851752021564e-06, 'epoch': 2.05}
{'loss': 0.1075, 'grad_norm': 1.5802375078201294, 'learning_rate': 6.620619946091645e-06, 'epoch': 2.07}
{'loss': 0.1089, 'grad_norm': 1.0696791410446167, 'learning_rate': 6.536388140161726e-06, 'epoch': 2.08}
{'loss': 0.111, 'grad_norm': 2.818812608718872, 'learning_rate': 6.452156334231806e-06, 'epoch': 2.09}
{'loss': 0.1119, 'grad_norm': 2.533820390701294, 'learning_rate': 6.367924528301887e-06, 'epoch': 2.1}
{'loss': 0.1024, 'grad_norm': 1.9895814657211304, 'learning_rate': 6.283692722371968e-06, 'epoch': 2.11}
{'loss': 0.1102, 'grad_norm': 1.9732118844985962, 'learning_rate': 6.199460916442049e-06, 'epoch': 2.13}
{'loss': 0.1127, 'grad_norm': 2.450545310974121, 'learning_rate': 6.11522911051213e-06, 'epoch': 2.14}
{'loss': 0.0993, 'grad_norm': 2.289533853530884, 'learning_rate': 6.030997304582211e-06, 'epoch': 2.15}
{'loss': 0.1211, 'grad_norm': 2.6707847118377686, 'learning_rate': 5.946765498652292e-06, 'epoch': 2.16}
{'loss': 0.1195, 'grad_norm': 2.179710626602173, 'learning_rate': 5.862533692722372e-06, 'epoch': 2.17}
{'loss': 0.1031, 'grad_norm': 1.2616111040115356, 'learning_rate': 5.778301886792453e-06, 'epoch': 2.19}
{'loss': 0.0969, 'grad_norm': 2.657097339630127, 'learning_rate': 5.694070080862534e-06, 'epoch': 2.2}
{'loss': 0.1042, 'grad_norm': 2.526780366897583, 'learning_rate': 5.609838274932615e-06, 'epoch': 2.21}
{'loss': 0.1225, 'grad_norm': 3.4226577281951904, 'learning_rate': 5.525606469002696e-06, 'epoch': 2.22}
{'loss': 0.0981, 'grad_norm': 1.6971259117126465, 'learning_rate': 5.441374663072777e-06, 'epoch': 2.23}
{'loss': 0.1056, 'grad_norm': 2.206096649169922, 'learning_rate': 5.357142857142857e-06, 'epoch': 2.24}
{'loss': 0.1108, 'grad_norm': 2.130470037460327, 'learning_rate': 5.2729110512129385e-06, 'epoch': 2.26}
{'loss': 0.0851, 'grad_norm': 3.8782589435577393, 'learning_rate': 5.188679245283019e-06, 'epoch': 2.27}
{'loss': 0.1089, 'grad_norm': 4.6580400466918945, 'learning_rate': 5.1044474393531e-06, 'epoch': 2.28}
{'loss': 0.0911, 'grad_norm': 1.3767223358154297, 'learning_rate': 5.020215633423181e-06, 'epoch': 2.29}
{'loss': 0.105, 'grad_norm': 2.920746326446533, 'learning_rate': 4.935983827493262e-06, 'epoch': 2.3}
{'loss': 0.1038, 'grad_norm': 2.3794496059417725, 'learning_rate': 4.851752021563343e-06, 'epoch': 2.32}
{'loss': 0.1192, 'grad_norm': 2.4376208782196045, 'learning_rate': 4.767520215633424e-06, 'epoch': 2.33}
{'loss': 0.1215, 'grad_norm': 2.8962454795837402, 'learning_rate': 4.683288409703504e-06, 'epoch': 2.34}
{'loss': 0.1007, 'grad_norm': 3.0044217109680176, 'learning_rate': 4.599056603773585e-06, 'epoch': 2.35}
{'loss': 0.119, 'grad_norm': 0.9744209051132202, 'learning_rate': 4.5148247978436664e-06, 'epoch': 2.36}
{'loss': 0.0864, 'grad_norm': 2.532935857772827, 'learning_rate': 4.430592991913747e-06, 'epoch': 2.38}
{'loss': 0.0887, 'grad_norm': 3.4951400756835938, 'learning_rate': 4.346361185983828e-06, 'epoch': 2.39}
{'loss': 0.088, 'grad_norm': 0.987214982509613, 'learning_rate': 4.262129380053909e-06, 'epoch': 2.4}
{'loss': 0.0995, 'grad_norm': 1.826870322227478, 'learning_rate': 4.17789757412399e-06, 'epoch': 2.41}
{'loss': 0.0954, 'grad_norm': 2.002121925354004, 'learning_rate': 4.09366576819407e-06, 'epoch': 2.42}
{'loss': 0.0912, 'grad_norm': 2.513456106185913, 'learning_rate': 4.009433962264152e-06, 'epoch': 2.43}
{'loss': 0.1032, 'grad_norm': 1.673087477684021, 'learning_rate': 3.9252021563342315e-06, 'epoch': 2.45}
{'loss': 0.1066, 'grad_norm': 3.843973159790039, 'learning_rate': 3.840970350404313e-06, 'epoch': 2.46}
{'loss': 0.1027, 'grad_norm': 3.7186152935028076, 'learning_rate': 3.7567385444743935e-06, 'epoch': 2.47}
{'loss': 0.1119, 'grad_norm': 2.5131614208221436, 'learning_rate': 3.6725067385444746e-06, 'epoch': 2.48}
{'loss': 0.0957, 'grad_norm': 2.5019850730895996, 'learning_rate': 3.5882749326145556e-06, 'epoch': 2.49}
{'loss': 0.1282, 'grad_norm': 2.476081609725952, 'learning_rate': 3.5040431266846366e-06, 'epoch': 2.51}
{'loss': 0.1066, 'grad_norm': 2.3270256519317627, 'learning_rate': 3.419811320754717e-06, 'epoch': 2.52}
{'loss': 0.1203, 'grad_norm': 2.826566457748413, 'learning_rate': 3.3355795148247982e-06, 'epoch': 2.53}
{'loss': 0.0904, 'grad_norm': 0.09264633059501648, 'learning_rate': 3.2513477088948792e-06, 'epoch': 2.54}
{'loss': 0.0917, 'grad_norm': 2.322446823120117, 'learning_rate': 3.1671159029649603e-06, 'epoch': 2.55}
{'loss': 0.1047, 'grad_norm': 0.842756450176239, 'learning_rate': 3.0828840970350405e-06, 'epoch': 2.57}
{'loss': 0.1131, 'grad_norm': 0.9485901594161987, 'learning_rate': 2.9986522911051215e-06, 'epoch': 2.58}
{'loss': 0.0942, 'grad_norm': 2.0240085124969482, 'learning_rate': 2.914420485175202e-06, 'epoch': 2.59}
{'loss': 0.1073, 'grad_norm': 2.4789488315582275, 'learning_rate': 2.830188679245283e-06, 'epoch': 2.6}
{'loss': 0.115, 'grad_norm': 2.9347615242004395, 'learning_rate': 2.745956873315364e-06, 'epoch': 2.61}
{'loss': 0.1055, 'grad_norm': 2.263225793838501, 'learning_rate': 2.661725067385445e-06, 'epoch': 2.62}
{'loss': 0.0985, 'grad_norm': 1.977742075920105, 'learning_rate': 2.5774932614555257e-06, 'epoch': 2.64}
{'loss': 0.0921, 'grad_norm': 2.330868721008301, 'learning_rate': 2.4932614555256063e-06, 'epoch': 2.65}
{'loss': 0.0875, 'grad_norm': 3.1390371322631836, 'learning_rate': 2.4090296495956874e-06, 'epoch': 2.66}
{'loss': 0.1163, 'grad_norm': 0.5849156379699707, 'learning_rate': 2.3247978436657684e-06, 'epoch': 2.67}
{'loss': 0.1053, 'grad_norm': 2.5344626903533936, 'learning_rate': 2.2405660377358494e-06, 'epoch': 2.68}
{'loss': 0.0948, 'grad_norm': 2.5543220043182373, 'learning_rate': 2.15633423180593e-06, 'epoch': 2.7}
{'loss': 0.1025, 'grad_norm': 1.3575499057769775, 'learning_rate': 2.072102425876011e-06, 'epoch': 2.71}
{'loss': 0.101, 'grad_norm': 1.4821276664733887, 'learning_rate': 1.9878706199460916e-06, 'epoch': 2.72}
{'loss': 0.0797, 'grad_norm': 1.4397746324539185, 'learning_rate': 1.9036388140161727e-06, 'epoch': 2.73}
{'loss': 0.1269, 'grad_norm': 1.4750157594680786, 'learning_rate': 1.8194070080862537e-06, 'epoch': 2.74}
{'loss': 0.1012, 'grad_norm': 2.685581684112549, 'learning_rate': 1.7351752021563345e-06, 'epoch': 2.76}
{'loss': 0.0993, 'grad_norm': 1.0700563192367554, 'learning_rate': 1.650943396226415e-06, 'epoch': 2.77}
{'loss': 0.0926, 'grad_norm': 2.2224841117858887, 'learning_rate': 1.5667115902964961e-06, 'epoch': 2.78}
{'loss': 0.1118, 'grad_norm': 1.6084729433059692, 'learning_rate': 1.482479784366577e-06, 'epoch': 2.79}
{'loss': 0.1154, 'grad_norm': 1.5530503988265991, 'learning_rate': 1.398247978436658e-06, 'epoch': 2.8}
{'loss': 0.0922, 'grad_norm': 2.067656993865967, 'learning_rate': 1.3140161725067386e-06, 'epoch': 2.81}
{'loss': 0.1016, 'grad_norm': 3.6890652179718018, 'learning_rate': 1.2297843665768196e-06, 'epoch': 2.83}
{'loss': 0.1131, 'grad_norm': 3.6724512577056885, 'learning_rate': 1.1455525606469004e-06, 'epoch': 2.84}
{'loss': 0.1184, 'grad_norm': 0.38616615533828735, 'learning_rate': 1.0613207547169812e-06, 'epoch': 2.85}
{'loss': 0.1008, 'grad_norm': 1.6707472801208496, 'learning_rate': 9.77088948787062e-07, 'epoch': 2.86}
{'loss': 0.1067, 'grad_norm': 2.677588939666748, 'learning_rate': 8.928571428571429e-07, 'epoch': 2.87}
{'loss': 0.123, 'grad_norm': 4.027976036071777, 'learning_rate': 8.086253369272238e-07, 'epoch': 2.89}
{'loss': 0.09, 'grad_norm': 3.8714284896850586, 'learning_rate': 7.243935309973047e-07, 'epoch': 2.9}
{'loss': 0.0943, 'grad_norm': 2.3800830841064453, 'learning_rate': 6.401617250673856e-07, 'epoch': 2.91}
{'loss': 0.0996, 'grad_norm': 2.116773843765259, 'learning_rate': 5.559299191374663e-07, 'epoch': 2.92}
{'loss': 0.1042, 'grad_norm': 1.8568580150604248, 'learning_rate': 4.716981132075472e-07, 'epoch': 2.93}
{'loss': 0.1221, 'grad_norm': 1.9593052864074707, 'learning_rate': 3.874663072776281e-07, 'epoch': 2.95}
{'loss': 0.1108, 'grad_norm': 1.1085957288742065, 'learning_rate': 3.0323450134770895e-07, 'epoch': 2.96}
{'loss': 0.0887, 'grad_norm': 0.24721960723400116, 'learning_rate': 2.190026954177898e-07, 'epoch': 2.97}
{'loss': 0.094, 'grad_norm': 1.055615782737732, 'learning_rate': 1.3477088948787063e-07, 'epoch': 2.98}
{'loss': 0.108, 'grad_norm': 1.3255982398986816, 'learning_rate': 5.0539083557951485e-08, 'epoch': 2.99}
{'train_runtime': 629.2616, 'train_samples_per_second': 321.086, 'train_steps_per_second': 20.071, 'train_loss': 0.23292867550279825, 'epoch': 3.0}
Evaluating clean validation: t5small_sst2_confidence
Evaluating noisy validation: t5small_sst2_confidence

========== Step 4: Prepare noisy-clean pairs for cleaner training ==========
Cleaner source: {'source': 'downstream_train', 'description': 'Cleaner pairs are generated from downstream training text only; labels are ignored.', 'original_downstream_train_examples': 67349}
Cleaner train clean texts: 63982
Cleaner validation clean texts: 1000
Cleaner test clean texts: 0

========== Step 5: Train/load neural cleaner models ==========

----- Cleaner model: ediclean_t5small_sst2_confidence (encoder_decoder_cleaner) -----
{'loss': 2.6092, 'grad_norm': 248.6860809326172, 'learning_rate': 1.7361111111111112e-06, 'epoch': 0.01}
{'loss': 2.8528, 'grad_norm': 9.636361122131348, 'learning_rate': 3.4722222222222224e-06, 'epoch': 0.01}
{'loss': 2.6729, 'grad_norm': 6.770795822143555, 'learning_rate': 5.208333333333334e-06, 'epoch': 0.02}
{'loss': 2.5555, 'grad_norm': 13.21934986114502, 'learning_rate': 6.944444444444445e-06, 'epoch': 0.03}
{'loss': 2.3001, 'grad_norm': 9.807401657104492, 'learning_rate': 8.680555555555556e-06, 'epoch': 0.03}
{'loss': 2.2125, 'grad_norm': 4.061098098754883, 'learning_rate': 1.0416666666666668e-05, 'epoch': 0.04}
{'loss': 2.1236, 'grad_norm': 49.55322265625, 'learning_rate': 1.2152777777777779e-05, 'epoch': 0.04}
{'loss': 2.139, 'grad_norm': 4.854781627655029, 'learning_rate': 1.388888888888889e-05, 'epoch': 0.05}
{'loss': 1.9792, 'grad_norm': 6.932098865509033, 'learning_rate': 1.5625e-05, 'epoch': 0.06}
{'loss': 1.8202, 'grad_norm': 6.35966157913208, 'learning_rate': 1.736111111111111e-05, 'epoch': 0.06}
{'loss': 1.8983, 'grad_norm': 5.308977127075195, 'learning_rate': 1.9097222222222222e-05, 'epoch': 0.07}
{'loss': 1.8306, 'grad_norm': 5.139747142791748, 'learning_rate': 2.0833333333333336e-05, 'epoch': 0.08}
{'loss': 1.7144, 'grad_norm': 3.685206651687622, 'learning_rate': 2.2569444444444447e-05, 'epoch': 0.08}
{'loss': 1.7704, 'grad_norm': 4.003086090087891, 'learning_rate': 2.4305555555555558e-05, 'epoch': 0.09}
{'loss': 1.6682, 'grad_norm': 3.055795431137085, 'learning_rate': 2.604166666666667e-05, 'epoch': 0.09}
{'loss': 1.6085, 'grad_norm': 3.973641872406006, 'learning_rate': 2.777777777777778e-05, 'epoch': 0.1}
{'loss': 1.5377, 'grad_norm': 2.5336382389068604, 'learning_rate': 2.951388888888889e-05, 'epoch': 0.11}
{'loss': 1.6187, 'grad_norm': 3.341864585876465, 'learning_rate': 3.125e-05, 'epoch': 0.11}
{'loss': 1.5005, 'grad_norm': 3.050365686416626, 'learning_rate': 3.2986111111111115e-05, 'epoch': 0.12}
{'loss': 1.4764, 'grad_norm': 3.5644588470458984, 'learning_rate': 3.472222222222222e-05, 'epoch': 0.13}
{'loss': 1.4615, 'grad_norm': 3.1063108444213867, 'learning_rate': 3.6458333333333336e-05, 'epoch': 0.13}
{'loss': 1.5356, 'grad_norm': 4.498166084289551, 'learning_rate': 3.8194444444444444e-05, 'epoch': 0.14}
{'loss': 1.4362, 'grad_norm': 3.547283411026001, 'learning_rate': 3.993055555555556e-05, 'epoch': 0.14}
{'loss': 1.4149, 'grad_norm': 5.0561957359313965, 'learning_rate': 4.166666666666667e-05, 'epoch': 0.15}
{'loss': 1.4569, 'grad_norm': 2.142421007156372, 'learning_rate': 4.340277777777778e-05, 'epoch': 0.16}
{'loss': 1.4051, 'grad_norm': 2.6619629859924316, 'learning_rate': 4.5138888888888894e-05, 'epoch': 0.16}
{'loss': 1.3629, 'grad_norm': 1.7840805053710938, 'learning_rate': 4.6875e-05, 'epoch': 0.17}
{'loss': 1.4267, 'grad_norm': 3.0263140201568604, 'learning_rate': 4.8611111111111115e-05, 'epoch': 0.18}
{'loss': 1.3351, 'grad_norm': 2.147237539291382, 'learning_rate': 4.997783098341758e-05, 'epoch': 0.18}
{'loss': 1.3746, 'grad_norm': 2.5872995853424072, 'learning_rate': 4.986698590050546e-05, 'epoch': 0.19}
{'loss': 1.4917, 'grad_norm': 2.983612060546875, 'learning_rate': 4.9756140817593334e-05, 'epoch': 0.19}
{'loss': 1.3567, 'grad_norm': 2.0918326377868652, 'learning_rate': 4.964529573468121e-05, 'epoch': 0.2}
{'loss': 1.4085, 'grad_norm': 4.1706976890563965, 'learning_rate': 4.9534450651769086e-05, 'epoch': 0.21}
{'loss': 1.2702, 'grad_norm': 3.7983667850494385, 'learning_rate': 4.9423605568856966e-05, 'epoch': 0.21}
{'loss': 1.3025, 'grad_norm': 2.492202043533325, 'learning_rate': 4.9312760485944845e-05, 'epoch': 0.22}
{'loss': 1.3124, 'grad_norm': 2.0825490951538086, 'learning_rate': 4.9201915403032725e-05, 'epoch': 0.23}
{'loss': 1.2608, 'grad_norm': 3.1407949924468994, 'learning_rate': 4.9091070320120605e-05, 'epoch': 0.23}
{'loss': 1.3142, 'grad_norm': 4.109177112579346, 'learning_rate': 4.8980225237208484e-05, 'epoch': 0.24}
{'loss': 1.3789, 'grad_norm': 3.761413812637329, 'learning_rate': 4.886938015429636e-05, 'epoch': 0.24}
{'loss': 1.2828, 'grad_norm': 3.336042642593384, 'learning_rate': 4.875853507138424e-05, 'epoch': 0.25}
{'loss': 1.3209, 'grad_norm': 2.185810089111328, 'learning_rate': 4.864768998847211e-05, 'epoch': 0.26}
{'loss': 1.2791, 'grad_norm': 3.411586046218872, 'learning_rate': 4.853684490555999e-05, 'epoch': 0.26}
{'loss': 1.2873, 'grad_norm': 4.4823760986328125, 'learning_rate': 4.842599982264787e-05, 'epoch': 0.27}
{'loss': 1.2294, 'grad_norm': 2.0475146770477295, 'learning_rate': 4.831515473973575e-05, 'epoch': 0.28}
{'loss': 1.2688, 'grad_norm': 2.437682628631592, 'learning_rate': 4.820430965682363e-05, 'epoch': 0.28}
{'loss': 1.2366, 'grad_norm': 2.1654083728790283, 'learning_rate': 4.80934645739115e-05, 'epoch': 0.29}
{'loss': 1.2249, 'grad_norm': 2.7945408821105957, 'learning_rate': 4.798261949099938e-05, 'epoch': 0.29}
{'loss': 1.1896, 'grad_norm': 2.738102912902832, 'learning_rate': 4.787177440808726e-05, 'epoch': 0.3}
{'loss': 1.2838, 'grad_norm': 4.121796607971191, 'learning_rate': 4.776092932517513e-05, 'epoch': 0.31}
{'loss': 1.2379, 'grad_norm': 3.499657154083252, 'learning_rate': 4.765008424226301e-05, 'epoch': 0.31}
{'loss': 1.2679, 'grad_norm': 3.156850576400757, 'learning_rate': 4.753923915935089e-05, 'epoch': 0.32}
{'loss': 1.3057, 'grad_norm': 2.217252492904663, 'learning_rate': 4.742839407643877e-05, 'epoch': 0.33}
{'loss': 1.23, 'grad_norm': 2.3682522773742676, 'learning_rate': 4.731754899352665e-05, 'epoch': 0.33}
{'loss': 1.1785, 'grad_norm': 3.4098565578460693, 'learning_rate': 4.7206703910614525e-05, 'epoch': 0.34}
{'loss': 1.311, 'grad_norm': 3.266143560409546, 'learning_rate': 4.7095858827702404e-05, 'epoch': 0.34}
{'loss': 1.2258, 'grad_norm': 2.2422935962677, 'learning_rate': 4.6985013744790284e-05, 'epoch': 0.35}
{'loss': 1.2232, 'grad_norm': 2.6674466133117676, 'learning_rate': 4.687416866187816e-05, 'epoch': 0.36}
{'loss': 1.3427, 'grad_norm': 3.2139625549316406, 'learning_rate': 4.6763323578966037e-05, 'epoch': 0.36}
{'loss': 1.2446, 'grad_norm': 2.9871439933776855, 'learning_rate': 4.6652478496053916e-05, 'epoch': 0.37}
{'loss': 1.2344, 'grad_norm': 1.972200870513916, 'learning_rate': 4.6541633413141796e-05, 'epoch': 0.38}
{'loss': 1.1456, 'grad_norm': 3.1060469150543213, 'learning_rate': 4.6430788330229676e-05, 'epoch': 0.38}
{'loss': 1.2125, 'grad_norm': 3.929710626602173, 'learning_rate': 4.631994324731755e-05, 'epoch': 0.39}
{'loss': 1.1496, 'grad_norm': 2.1987738609313965, 'learning_rate': 4.620909816440543e-05, 'epoch': 0.39}
{'loss': 1.1645, 'grad_norm': 2.728982448577881, 'learning_rate': 4.609825308149331e-05, 'epoch': 0.4}
{'loss': 1.13, 'grad_norm': 2.8815999031066895, 'learning_rate': 4.598740799858118e-05, 'epoch': 0.41}
{'loss': 1.204, 'grad_norm': 1.424782395362854, 'learning_rate': 4.587656291566906e-05, 'epoch': 0.41}
{'loss': 1.1854, 'grad_norm': 3.2370128631591797, 'learning_rate': 4.576571783275695e-05, 'epoch': 0.42}
{'loss': 1.2355, 'grad_norm': 3.150242805480957, 'learning_rate': 4.565487274984482e-05, 'epoch': 0.43}
{'loss': 1.1834, 'grad_norm': 8.548144340515137, 'learning_rate': 4.55440276669327e-05, 'epoch': 0.43}
{'loss': 1.2068, 'grad_norm': 3.5576839447021484, 'learning_rate': 4.543318258402057e-05, 'epoch': 0.44}
{'loss': 1.1844, 'grad_norm': 2.8847954273223877, 'learning_rate': 4.532233750110845e-05, 'epoch': 0.44}
{'loss': 1.1455, 'grad_norm': 2.3330905437469482, 'learning_rate': 4.521149241819633e-05, 'epoch': 0.45}
{'loss': 1.1383, 'grad_norm': 4.336592674255371, 'learning_rate': 4.5100647335284204e-05, 'epoch': 0.46}
{'loss': 1.1523, 'grad_norm': 2.678553819656372, 'learning_rate': 4.498980225237209e-05, 'epoch': 0.46}
{'loss': 1.1863, 'grad_norm': 3.029003858566284, 'learning_rate': 4.487895716945997e-05, 'epoch': 0.47}
{'loss': 1.2033, 'grad_norm': 4.721380233764648, 'learning_rate': 4.476811208654784e-05, 'epoch': 0.48}
{'loss': 1.0956, 'grad_norm': 2.776141881942749, 'learning_rate': 4.465726700363572e-05, 'epoch': 0.48}
{'loss': 1.3121, 'grad_norm': 3.33542799949646, 'learning_rate': 4.4546421920723596e-05, 'epoch': 0.49}
{'loss': 1.1859, 'grad_norm': 2.282106876373291, 'learning_rate': 4.4435576837811475e-05, 'epoch': 0.49}
{'loss': 1.2182, 'grad_norm': 3.5068633556365967, 'learning_rate': 4.4324731754899355e-05, 'epoch': 0.5}
{'loss': 1.1418, 'grad_norm': 2.239164113998413, 'learning_rate': 4.4213886671987235e-05, 'epoch': 0.51}
{'loss': 1.1505, 'grad_norm': 2.1322014331817627, 'learning_rate': 4.4103041589075114e-05, 'epoch': 0.51}
{'loss': 1.2191, 'grad_norm': 3.5186095237731934, 'learning_rate': 4.3992196506162994e-05, 'epoch': 0.52}
{'loss': 1.2052, 'grad_norm': 3.4896464347839355, 'learning_rate': 4.388135142325087e-05, 'epoch': 0.53}
{'loss': 1.1428, 'grad_norm': 3.4289801120758057, 'learning_rate': 4.3770506340338746e-05, 'epoch': 0.53}
{'loss': 1.0956, 'grad_norm': 2.6476385593414307, 'learning_rate': 4.365966125742662e-05, 'epoch': 0.54}
{'loss': 1.1583, 'grad_norm': 3.0602898597717285, 'learning_rate': 4.35488161745145e-05, 'epoch': 0.54}
{'loss': 1.212, 'grad_norm': 5.846806049346924, 'learning_rate': 4.343797109160238e-05, 'epoch': 0.55}
{'loss': 1.0507, 'grad_norm': 4.587296485900879, 'learning_rate': 4.332712600869026e-05, 'epoch': 0.56}
{'loss': 1.2032, 'grad_norm': 1.932574987411499, 'learning_rate': 4.321628092577814e-05, 'epoch': 0.56}
{'loss': 1.1498, 'grad_norm': 2.753262519836426, 'learning_rate': 4.310543584286601e-05, 'epoch': 0.57}
{'loss': 1.1481, 'grad_norm': 2.3716278076171875, 'learning_rate': 4.299459075995389e-05, 'epoch': 0.58}
{'loss': 1.0802, 'grad_norm': 3.5216410160064697, 'learning_rate': 4.288374567704177e-05, 'epoch': 0.58}
{'loss': 1.0969, 'grad_norm': 2.558574914932251, 'learning_rate': 4.277290059412964e-05, 'epoch': 0.59}
{'loss': 1.1464, 'grad_norm': 4.766406536102295, 'learning_rate': 4.266205551121752e-05, 'epoch': 0.59}
{'loss': 1.1294, 'grad_norm': 3.055907726287842, 'learning_rate': 4.25512104283054e-05, 'epoch': 0.6}
{'loss': 1.1516, 'grad_norm': 3.2113828659057617, 'learning_rate': 4.244036534539328e-05, 'epoch': 0.61}
{'loss': 1.1862, 'grad_norm': 2.57297945022583, 'learning_rate': 4.232952026248116e-05, 'epoch': 0.61}
{'loss': 1.0802, 'grad_norm': 1.9901626110076904, 'learning_rate': 4.2218675179569034e-05, 'epoch': 0.62}
{'loss': 1.1732, 'grad_norm': 3.788670778274536, 'learning_rate': 4.2107830096656914e-05, 'epoch': 0.63}
{'loss': 1.1428, 'grad_norm': 2.10168719291687, 'learning_rate': 4.1996985013744794e-05, 'epoch': 0.63}
{'loss': 1.1133, 'grad_norm': 3.5649526119232178, 'learning_rate': 4.1886139930832667e-05, 'epoch': 0.64}
{'loss': 1.1425, 'grad_norm': 2.224236488342285, 'learning_rate': 4.1775294847920546e-05, 'epoch': 0.64}
{'loss': 1.1429, 'grad_norm': 1.8430997133255005, 'learning_rate': 4.1664449765008426e-05, 'epoch': 0.65}
{'loss': 1.1844, 'grad_norm': 4.438405990600586, 'learning_rate': 4.1553604682096305e-05, 'epoch': 0.66}
{'loss': 1.1351, 'grad_norm': 2.1639745235443115, 'learning_rate': 4.1442759599184185e-05, 'epoch': 0.66}
{'loss': 1.1611, 'grad_norm': 3.6098620891571045, 'learning_rate': 4.133191451627206e-05, 'epoch': 0.67}
{'loss': 1.0705, 'grad_norm': 3.3931124210357666, 'learning_rate': 4.122106943335994e-05, 'epoch': 0.68}
{'loss': 1.0747, 'grad_norm': 2.335348606109619, 'learning_rate': 4.111022435044782e-05, 'epoch': 0.68}
{'loss': 1.0858, 'grad_norm': 2.3774213790893555, 'learning_rate': 4.099937926753569e-05, 'epoch': 0.69}
{'loss': 1.0832, 'grad_norm': 2.5037693977355957, 'learning_rate': 4.088853418462357e-05, 'epoch': 0.69}
{'loss': 1.1039, 'grad_norm': 2.9437098503112793, 'learning_rate': 4.077768910171145e-05, 'epoch': 0.7}
{'loss': 1.1552, 'grad_norm': 2.2570130825042725, 'learning_rate': 4.066684401879933e-05, 'epoch': 0.71}
{'loss': 1.1452, 'grad_norm': 3.1996235847473145, 'learning_rate': 4.055599893588721e-05, 'epoch': 0.71}
{'loss': 1.1483, 'grad_norm': 2.605044364929199, 'learning_rate': 4.044515385297508e-05, 'epoch': 0.72}
{'loss': 1.1035, 'grad_norm': 3.5479321479797363, 'learning_rate': 4.033430877006296e-05, 'epoch': 0.73}
{'loss': 1.0836, 'grad_norm': 1.8108173608779907, 'learning_rate': 4.022346368715084e-05, 'epoch': 0.73}
{'loss': 1.0667, 'grad_norm': 4.186561584472656, 'learning_rate': 4.0112618604238714e-05, 'epoch': 0.74}
{'loss': 1.0927, 'grad_norm': 2.139768362045288, 'learning_rate': 4.0001773521326593e-05, 'epoch': 0.74}
{'loss': 1.1741, 'grad_norm': 4.2417216300964355, 'learning_rate': 3.989092843841448e-05, 'epoch': 0.75}
{'loss': 1.0796, 'grad_norm': 2.4344186782836914, 'learning_rate': 3.978008335550235e-05, 'epoch': 0.76}
{'loss': 1.0659, 'grad_norm': 3.31095814704895, 'learning_rate': 3.966923827259023e-05, 'epoch': 0.76}
{'loss': 1.0582, 'grad_norm': 2.1178548336029053, 'learning_rate': 3.9558393189678105e-05, 'epoch': 0.77}
{'loss': 1.1255, 'grad_norm': 2.256514549255371, 'learning_rate': 3.9447548106765985e-05, 'epoch': 0.78}
{'loss': 1.0776, 'grad_norm': 2.44317626953125, 'learning_rate': 3.9336703023853865e-05, 'epoch': 0.78}
{'loss': 1.0286, 'grad_norm': 2.487527370452881, 'learning_rate': 3.922585794094174e-05, 'epoch': 0.79}
{'loss': 1.1042, 'grad_norm': 2.074159622192383, 'learning_rate': 3.911501285802962e-05, 'epoch': 0.79}
{'loss': 1.1236, 'grad_norm': 2.5997025966644287, 'learning_rate': 3.90041677751175e-05, 'epoch': 0.8}
{'loss': 1.1495, 'grad_norm': 3.7636160850524902, 'learning_rate': 3.8893322692205376e-05, 'epoch': 0.81}
{'loss': 1.0904, 'grad_norm': 2.411306142807007, 'learning_rate': 3.8782477609293256e-05, 'epoch': 0.81}
{'loss': 1.107, 'grad_norm': 2.324540853500366, 'learning_rate': 3.867163252638113e-05, 'epoch': 0.82}
{'loss': 1.1065, 'grad_norm': 1.9309366941452026, 'learning_rate': 3.856078744346901e-05, 'epoch': 0.83}
{'loss': 1.0415, 'grad_norm': 2.9154481887817383, 'learning_rate': 3.844994236055689e-05, 'epoch': 0.83}
{'loss': 1.0479, 'grad_norm': 3.0670273303985596, 'learning_rate': 3.833909727764476e-05, 'epoch': 0.84}
{'loss': 1.083, 'grad_norm': 2.1129589080810547, 'learning_rate': 3.822825219473265e-05, 'epoch': 0.84}
{'loss': 1.0974, 'grad_norm': 1.851854681968689, 'learning_rate': 3.811740711182052e-05, 'epoch': 0.85}
{'loss': 1.0879, 'grad_norm': 3.0928878784179688, 'learning_rate': 3.80065620289084e-05, 'epoch': 0.86}
{'loss': 1.0252, 'grad_norm': 2.9184930324554443, 'learning_rate': 3.789571694599628e-05, 'epoch': 0.86}
{'loss': 1.066, 'grad_norm': 3.7957592010498047, 'learning_rate': 3.778487186308415e-05, 'epoch': 0.87}
{'loss': 1.025, 'grad_norm': 3.0658609867095947, 'learning_rate': 3.767402678017203e-05, 'epoch': 0.88}
{'loss': 1.0568, 'grad_norm': 2.104098081588745, 'learning_rate': 3.756318169725991e-05, 'epoch': 0.88}
{'loss': 1.0183, 'grad_norm': 3.613253355026245, 'learning_rate': 3.745233661434779e-05, 'epoch': 0.89}
{'loss': 1.0877, 'grad_norm': 1.504644751548767, 'learning_rate': 3.734149153143567e-05, 'epoch': 0.89}
{'loss': 1.0544, 'grad_norm': 2.976865291595459, 'learning_rate': 3.7230646448523544e-05, 'epoch': 0.9}
{'loss': 1.0661, 'grad_norm': 2.0990588665008545, 'learning_rate': 3.7119801365611424e-05, 'epoch': 0.91}
{'loss': 1.111, 'grad_norm': 2.828007221221924, 'learning_rate': 3.70089562826993e-05, 'epoch': 0.91}
{'loss': 1.0584, 'grad_norm': 2.6316235065460205, 'learning_rate': 3.6898111199787176e-05, 'epoch': 0.92}
{'loss': 1.0865, 'grad_norm': 2.345266342163086, 'learning_rate': 3.6787266116875056e-05, 'epoch': 0.93}
{'loss': 1.145, 'grad_norm': 4.297987461090088, 'learning_rate': 3.6676421033962935e-05, 'epoch': 0.93}
{'loss': 1.1363, 'grad_norm': 2.6624789237976074, 'learning_rate': 3.6565575951050815e-05, 'epoch': 0.94}
{'loss': 1.1022, 'grad_norm': 2.12145733833313, 'learning_rate': 3.6454730868138695e-05, 'epoch': 0.94}
{'loss': 1.085, 'grad_norm': 2.539470672607422, 'learning_rate': 3.634388578522657e-05, 'epoch': 0.95}
{'loss': 1.0461, 'grad_norm': 4.151856422424316, 'learning_rate': 3.623304070231445e-05, 'epoch': 0.96}
{'loss': 1.026, 'grad_norm': 4.241963863372803, 'learning_rate': 3.612219561940233e-05, 'epoch': 0.96}
{'loss': 1.0858, 'grad_norm': 1.8375201225280762, 'learning_rate': 3.60113505364902e-05, 'epoch': 0.97}
{'loss': 1.0672, 'grad_norm': 2.749537944793701, 'learning_rate': 3.590050545357808e-05, 'epoch': 0.98}
{'loss': 1.0136, 'grad_norm': 2.8492374420166016, 'learning_rate': 3.578966037066596e-05, 'epoch': 0.98}
{'loss': 0.9822, 'grad_norm': 4.050843715667725, 'learning_rate': 3.567881528775384e-05, 'epoch': 0.99}
{'loss': 1.0252, 'grad_norm': 3.012193441390991, 'learning_rate': 3.556797020484172e-05, 'epoch': 0.99}
{'loss': 1.1045, 'grad_norm': 2.42399525642395, 'learning_rate': 3.545712512192959e-05, 'epoch': 1.0}
{'loss': 1.0219, 'grad_norm': 2.7182886600494385, 'learning_rate': 3.534628003901747e-05, 'epoch': 1.01}
{'loss': 1.0048, 'grad_norm': 3.1063029766082764, 'learning_rate': 3.523543495610535e-05, 'epoch': 1.01}
{'loss': 1.0209, 'grad_norm': 3.379739284515381, 'learning_rate': 3.5124589873193223e-05, 'epoch': 1.02}
{'loss': 0.9904, 'grad_norm': 2.9314825534820557, 'learning_rate': 3.50137447902811e-05, 'epoch': 1.03}
{'loss': 0.9707, 'grad_norm': 3.3490664958953857, 'learning_rate': 3.490289970736898e-05, 'epoch': 1.03}
{'loss': 1.0216, 'grad_norm': 2.5361337661743164, 'learning_rate': 3.479205462445686e-05, 'epoch': 1.04}
{'loss': 1.0106, 'grad_norm': 3.335064649581909, 'learning_rate': 3.468120954154474e-05, 'epoch': 1.04}
{'loss': 1.0654, 'grad_norm': 2.787665367126465, 'learning_rate': 3.4570364458632615e-05, 'epoch': 1.05}
{'loss': 1.0705, 'grad_norm': 2.732250213623047, 'learning_rate': 3.4459519375720495e-05, 'epoch': 1.06}
{'loss': 0.9978, 'grad_norm': 3.155083656311035, 'learning_rate': 3.4348674292808374e-05, 'epoch': 1.06}
{'loss': 0.9498, 'grad_norm': 2.1428699493408203, 'learning_rate': 3.423782920989625e-05, 'epoch': 1.07}
{'loss': 0.9977, 'grad_norm': 2.7806103229522705, 'learning_rate': 3.412698412698413e-05, 'epoch': 1.08}
{'loss': 1.0208, 'grad_norm': 1.953426718711853, 'learning_rate': 3.4016139044072006e-05, 'epoch': 1.08}
{'loss': 0.986, 'grad_norm': 2.582332134246826, 'learning_rate': 3.3905293961159886e-05, 'epoch': 1.09}
{'loss': 1.0263, 'grad_norm': 2.993931531906128, 'learning_rate': 3.3794448878247766e-05, 'epoch': 1.09}
{'loss': 0.998, 'grad_norm': 2.098191976547241, 'learning_rate': 3.368360379533564e-05, 'epoch': 1.1}
{'loss': 1.0543, 'grad_norm': 1.6849361658096313, 'learning_rate': 3.357275871242352e-05, 'epoch': 1.11}
{'loss': 1.104, 'grad_norm': 2.473719835281372, 'learning_rate': 3.34619136295114e-05, 'epoch': 1.11}
{'loss': 1.0393, 'grad_norm': 3.5675814151763916, 'learning_rate': 3.335106854659927e-05, 'epoch': 1.12}
{'loss': 1.071, 'grad_norm': 4.307358264923096, 'learning_rate': 3.324022346368715e-05, 'epoch': 1.13}
{'loss': 0.9934, 'grad_norm': 3.7781431674957275, 'learning_rate': 3.312937838077503e-05, 'epoch': 1.13}
{'loss': 1.0387, 'grad_norm': 2.4445319175720215, 'learning_rate': 3.301853329786291e-05, 'epoch': 1.14}
{'loss': 0.9664, 'grad_norm': 3.240241050720215, 'learning_rate': 3.290768821495079e-05, 'epoch': 1.14}
{'loss': 1.0198, 'grad_norm': 3.28999662399292, 'learning_rate': 3.279684313203866e-05, 'epoch': 1.15}
{'loss': 1.0185, 'grad_norm': 3.386126756668091, 'learning_rate': 3.268599804912654e-05, 'epoch': 1.16}
{'loss': 1.0252, 'grad_norm': 2.568908214569092, 'learning_rate': 3.257515296621442e-05, 'epoch': 1.16}
{'loss': 0.9768, 'grad_norm': 3.288588762283325, 'learning_rate': 3.2464307883302294e-05, 'epoch': 1.17}
{'loss': 1.0155, 'grad_norm': 3.287433624267578, 'learning_rate': 3.235346280039018e-05, 'epoch': 1.18}
{'loss': 0.9693, 'grad_norm': 2.579608917236328, 'learning_rate': 3.2242617717478054e-05, 'epoch': 1.18}
{'loss': 0.961, 'grad_norm': 2.1648671627044678, 'learning_rate': 3.213177263456593e-05, 'epoch': 1.19}
{'loss': 1.0239, 'grad_norm': 3.0859646797180176, 'learning_rate': 3.202092755165381e-05, 'epoch': 1.19}
{'loss': 1.0338, 'grad_norm': 2.1773524284362793, 'learning_rate': 3.1910082468741686e-05, 'epoch': 1.2}
{'loss': 0.9339, 'grad_norm': 3.8412840366363525, 'learning_rate': 3.1799237385829565e-05, 'epoch': 1.21}
{'loss': 0.9768, 'grad_norm': 2.3648502826690674, 'learning_rate': 3.1688392302917445e-05, 'epoch': 1.21}
{'loss': 1.0262, 'grad_norm': 3.8261237144470215, 'learning_rate': 3.157754722000532e-05, 'epoch': 1.22}
{'loss': 1.0463, 'grad_norm': 1.8729026317596436, 'learning_rate': 3.1466702137093204e-05, 'epoch': 1.23}
{'loss': 0.9925, 'grad_norm': 2.1643106937408447, 'learning_rate': 3.135585705418108e-05, 'epoch': 1.23}
{'loss': 1.0901, 'grad_norm': 4.094418525695801, 'learning_rate': 3.124501197126896e-05, 'epoch': 1.24}
{'loss': 0.9908, 'grad_norm': 3.0058279037475586, 'learning_rate': 3.1134166888356837e-05, 'epoch': 1.24}
{'loss': 1.0337, 'grad_norm': 1.423439621925354, 'learning_rate': 3.102332180544471e-05, 'epoch': 1.25}
{'loss': 1.0688, 'grad_norm': 2.7877542972564697, 'learning_rate': 3.091247672253259e-05, 'epoch': 1.26}
{'loss': 1.1102, 'grad_norm': 2.934309244155884, 'learning_rate': 3.080163163962046e-05, 'epoch': 1.26}
{'loss': 0.9918, 'grad_norm': 2.0400426387786865, 'learning_rate': 3.069078655670835e-05, 'epoch': 1.27}
{'loss': 0.93, 'grad_norm': 1.6429425477981567, 'learning_rate': 3.057994147379623e-05, 'epoch': 1.28}
{'loss': 0.9936, 'grad_norm': 2.99277925491333, 'learning_rate': 3.04690963908841e-05, 'epoch': 1.28}
{'loss': 1.0044, 'grad_norm': 2.4468300342559814, 'learning_rate': 3.035825130797198e-05, 'epoch': 1.29}
{'loss': 0.9975, 'grad_norm': 2.217729091644287, 'learning_rate': 3.024740622505986e-05, 'epoch': 1.29}
{'loss': 1.0206, 'grad_norm': 3.304731607437134, 'learning_rate': 3.0136561142147733e-05, 'epoch': 1.3}
{'loss': 0.9756, 'grad_norm': 3.28790283203125, 'learning_rate': 3.0025716059235616e-05, 'epoch': 1.31}
{'loss': 1.01, 'grad_norm': 2.958913564682007, 'learning_rate': 2.991487097632349e-05, 'epoch': 1.31}
{'loss': 0.9879, 'grad_norm': 2.811906576156616, 'learning_rate': 2.980402589341137e-05, 'epoch': 1.32}
{'loss': 1.0294, 'grad_norm': 2.2225522994995117, 'learning_rate': 2.9693180810499248e-05, 'epoch': 1.33}
{'loss': 0.9869, 'grad_norm': 2.6409170627593994, 'learning_rate': 2.9582335727587124e-05, 'epoch': 1.33}
{'loss': 0.9181, 'grad_norm': 2.60640287399292, 'learning_rate': 2.9471490644675004e-05, 'epoch': 1.34}
{'loss': 0.9869, 'grad_norm': 3.5848538875579834, 'learning_rate': 2.9360645561762884e-05, 'epoch': 1.34}
{'loss': 0.9928, 'grad_norm': 3.46923565864563, 'learning_rate': 2.924980047885076e-05, 'epoch': 1.35}
{'loss': 0.9849, 'grad_norm': 1.7039105892181396, 'learning_rate': 2.913895539593864e-05, 'epoch': 1.36}
{'loss': 0.9822, 'grad_norm': 3.617516279220581, 'learning_rate': 2.9028110313026513e-05, 'epoch': 1.36}
{'loss': 0.9645, 'grad_norm': 2.248875141143799, 'learning_rate': 2.8917265230114392e-05, 'epoch': 1.37}
{'loss': 0.976, 'grad_norm': 1.7985115051269531, 'learning_rate': 2.8806420147202272e-05, 'epoch': 1.38}
{'loss': 0.9983, 'grad_norm': 2.66106915473938, 'learning_rate': 2.8695575064290148e-05, 'epoch': 1.38}
{'loss': 1.0775, 'grad_norm': 3.0648984909057617, 'learning_rate': 2.8584729981378028e-05, 'epoch': 1.39}
{'loss': 0.9695, 'grad_norm': 1.8233681917190552, 'learning_rate': 2.8473884898465907e-05, 'epoch': 1.39}
{'loss': 0.9761, 'grad_norm': 1.7223341464996338, 'learning_rate': 2.8363039815553784e-05, 'epoch': 1.4}
{'loss': 0.9858, 'grad_norm': 2.579660415649414, 'learning_rate': 2.8252194732641663e-05, 'epoch': 1.41}
{'loss': 1.0227, 'grad_norm': 2.2190473079681396, 'learning_rate': 2.8141349649729536e-05, 'epoch': 1.41}
{'loss': 0.957, 'grad_norm': 3.2277209758758545, 'learning_rate': 2.8030504566817416e-05, 'epoch': 1.42}
{'loss': 0.9867, 'grad_norm': 2.1016640663146973, 'learning_rate': 2.79196594839053e-05, 'epoch': 1.43}
{'loss': 1.0014, 'grad_norm': 2.696746587753296, 'learning_rate': 2.7808814400993172e-05, 'epoch': 1.43}
{'loss': 0.97, 'grad_norm': 2.450352191925049, 'learning_rate': 2.769796931808105e-05, 'epoch': 1.44}
{'loss': 0.9479, 'grad_norm': 3.5072715282440186, 'learning_rate': 2.758712423516893e-05, 'epoch': 1.44}
{'loss': 1.0156, 'grad_norm': 2.884676933288574, 'learning_rate': 2.7476279152256807e-05, 'epoch': 1.45}
{'loss': 1.0225, 'grad_norm': 2.1144587993621826, 'learning_rate': 2.7365434069344687e-05, 'epoch': 1.46}
{'loss': 0.9365, 'grad_norm': 2.431328773498535, 'learning_rate': 2.725458898643256e-05, 'epoch': 1.46}
{'loss': 1.0, 'grad_norm': 2.735551357269287, 'learning_rate': 2.714374390352044e-05, 'epoch': 1.47}
{'loss': 0.9927, 'grad_norm': 3.605875253677368, 'learning_rate': 2.7032898820608322e-05, 'epoch': 1.48}
{'loss': 0.9797, 'grad_norm': 2.8354127407073975, 'learning_rate': 2.6922053737696195e-05, 'epoch': 1.48}
{'loss': 0.9298, 'grad_norm': 1.9379290342330933, 'learning_rate': 2.6811208654784075e-05, 'epoch': 1.49}
{'loss': 1.029, 'grad_norm': 2.552021026611328, 'learning_rate': 2.6700363571871955e-05, 'epoch': 1.49}
{'loss': 0.994, 'grad_norm': 3.628714084625244, 'learning_rate': 2.658951848895983e-05, 'epoch': 1.5}
{'loss': 0.8943, 'grad_norm': 2.7551190853118896, 'learning_rate': 2.647867340604771e-05, 'epoch': 1.51}
{'loss': 0.9758, 'grad_norm': 3.9529776573181152, 'learning_rate': 2.6367828323135583e-05, 'epoch': 1.51}
{'loss': 0.9731, 'grad_norm': 3.3093371391296387, 'learning_rate': 2.6256983240223466e-05, 'epoch': 1.52}
{'loss': 0.9363, 'grad_norm': 2.2545509338378906, 'learning_rate': 2.6146138157311346e-05, 'epoch': 1.53}
{'loss': 1.0378, 'grad_norm': 1.8838738203048706, 'learning_rate': 2.603529307439922e-05, 'epoch': 1.53}
{'loss': 1.0439, 'grad_norm': 1.9472051858901978, 'learning_rate': 2.59244479914871e-05, 'epoch': 1.54}
{'loss': 1.0017, 'grad_norm': 3.0227484703063965, 'learning_rate': 2.5813602908574975e-05, 'epoch': 1.54}
{'loss': 0.9573, 'grad_norm': 2.654038190841675, 'learning_rate': 2.5702757825662855e-05, 'epoch': 1.55}
{'loss': 0.9119, 'grad_norm': 3.082738161087036, 'learning_rate': 2.5591912742750734e-05, 'epoch': 1.56}
{'loss': 0.9115, 'grad_norm': 2.209622383117676, 'learning_rate': 2.548106765983861e-05, 'epoch': 1.56}
{'loss': 1.0015, 'grad_norm': 2.169004201889038, 'learning_rate': 2.537022257692649e-05, 'epoch': 1.57}
{'loss': 1.0166, 'grad_norm': 3.5239784717559814, 'learning_rate': 2.525937749401437e-05, 'epoch': 1.58}
{'loss': 0.9448, 'grad_norm': 2.882748603820801, 'learning_rate': 2.5148532411102243e-05, 'epoch': 1.58}
{'loss': 0.9632, 'grad_norm': 1.7949883937835693, 'learning_rate': 2.5037687328190122e-05, 'epoch': 1.59}
{'loss': 0.9388, 'grad_norm': 1.8551578521728516, 'learning_rate': 2.4926842245278002e-05, 'epoch': 1.59}
{'loss': 0.9629, 'grad_norm': 1.519846796989441, 'learning_rate': 2.4815997162365878e-05, 'epoch': 1.6}
{'loss': 1.0443, 'grad_norm': 2.3366425037384033, 'learning_rate': 2.4705152079453754e-05, 'epoch': 1.61}
{'loss': 0.9553, 'grad_norm': 1.925902247428894, 'learning_rate': 2.4594306996541634e-05, 'epoch': 1.61}
{'loss': 1.0427, 'grad_norm': 2.5316901206970215, 'learning_rate': 2.4483461913629514e-05, 'epoch': 1.62}
{'loss': 1.0221, 'grad_norm': 2.672869920730591, 'learning_rate': 2.437261683071739e-05, 'epoch': 1.63}
{'loss': 1.0192, 'grad_norm': 2.088149070739746, 'learning_rate': 2.4261771747805266e-05, 'epoch': 1.63}
{'loss': 0.9647, 'grad_norm': 2.415769100189209, 'learning_rate': 2.415092666489315e-05, 'epoch': 1.64}
{'loss': 0.9622, 'grad_norm': 2.168816566467285, 'learning_rate': 2.4040081581981026e-05, 'epoch': 1.64}
{'loss': 0.9077, 'grad_norm': 2.401926040649414, 'learning_rate': 2.3929236499068902e-05, 'epoch': 1.65}
{'loss': 0.9415, 'grad_norm': 3.34277606010437, 'learning_rate': 2.3818391416156778e-05, 'epoch': 1.66}
{'loss': 0.9491, 'grad_norm': 2.9930100440979004, 'learning_rate': 2.370754633324466e-05, 'epoch': 1.66}
{'loss': 1.0428, 'grad_norm': 2.852362632751465, 'learning_rate': 2.3596701250332537e-05, 'epoch': 1.67}
{'loss': 0.9557, 'grad_norm': 3.2263481616973877, 'learning_rate': 2.3485856167420414e-05, 'epoch': 1.68}
{'loss': 0.9645, 'grad_norm': 3.237217664718628, 'learning_rate': 2.337501108450829e-05, 'epoch': 1.68}
{'loss': 1.0067, 'grad_norm': 4.876075744628906, 'learning_rate': 2.3264166001596173e-05, 'epoch': 1.69}
{'loss': 0.946, 'grad_norm': 3.0670833587646484, 'learning_rate': 2.315332091868405e-05, 'epoch': 1.69}
{'loss': 0.978, 'grad_norm': 2.038227081298828, 'learning_rate': 2.3042475835771925e-05, 'epoch': 1.7}
{'loss': 0.9623, 'grad_norm': 2.1566522121429443, 'learning_rate': 2.2931630752859805e-05, 'epoch': 1.71}
{'loss': 0.8862, 'grad_norm': 2.17950177192688, 'learning_rate': 2.2820785669947685e-05, 'epoch': 1.71}
{'loss': 0.9294, 'grad_norm': 2.6047346591949463, 'learning_rate': 2.270994058703556e-05, 'epoch': 1.72}
{'loss': 0.8971, 'grad_norm': 2.7229182720184326, 'learning_rate': 2.2599095504123437e-05, 'epoch': 1.73}
{'loss': 1.0046, 'grad_norm': 2.578368902206421, 'learning_rate': 2.2488250421211317e-05, 'epoch': 1.73}
{'loss': 1.0099, 'grad_norm': 1.5366955995559692, 'learning_rate': 2.2377405338299197e-05, 'epoch': 1.74}
{'loss': 0.948, 'grad_norm': 2.4883713722229004, 'learning_rate': 2.2266560255387073e-05, 'epoch': 1.74}
{'loss': 0.971, 'grad_norm': 2.1246089935302734, 'learning_rate': 2.215571517247495e-05, 'epoch': 1.75}
{'loss': 0.9555, 'grad_norm': 1.7864691019058228, 'learning_rate': 2.204487008956283e-05, 'epoch': 1.76}
{'loss': 0.9541, 'grad_norm': 2.690875768661499, 'learning_rate': 2.1934025006650705e-05, 'epoch': 1.76}
{'loss': 0.9417, 'grad_norm': 4.065871238708496, 'learning_rate': 2.1823179923738585e-05, 'epoch': 1.77}
{'loss': 0.9664, 'grad_norm': 2.7343266010284424, 'learning_rate': 2.171233484082646e-05, 'epoch': 1.78}
{'loss': 0.9181, 'grad_norm': 1.3450496196746826, 'learning_rate': 2.160148975791434e-05, 'epoch': 1.78}
{'loss': 0.9866, 'grad_norm': 2.1907687187194824, 'learning_rate': 2.1490644675002217e-05, 'epoch': 1.79}
{'loss': 0.9644, 'grad_norm': 2.869184732437134, 'learning_rate': 2.1379799592090096e-05, 'epoch': 1.79}
{'loss': 0.9739, 'grad_norm': 2.673430919647217, 'learning_rate': 2.1268954509177973e-05, 'epoch': 1.8}
{'loss': 1.0089, 'grad_norm': 2.449979782104492, 'learning_rate': 2.1158109426265852e-05, 'epoch': 1.81}
{'loss': 1.0032, 'grad_norm': 3.6198692321777344, 'learning_rate': 2.104726434335373e-05, 'epoch': 1.81}
{'loss': 0.967, 'grad_norm': 2.0398426055908203, 'learning_rate': 2.0936419260441608e-05, 'epoch': 1.82}
{'loss': 0.9267, 'grad_norm': 2.7453651428222656, 'learning_rate': 2.0825574177529484e-05, 'epoch': 1.83}
{'loss': 0.9786, 'grad_norm': 2.451864004135132, 'learning_rate': 2.0714729094617364e-05, 'epoch': 1.83}
{'loss': 1.0323, 'grad_norm': 3.9470317363739014, 'learning_rate': 2.060388401170524e-05, 'epoch': 1.84}
{'loss': 0.9116, 'grad_norm': 1.8797492980957031, 'learning_rate': 2.049303892879312e-05, 'epoch': 1.84}
{'loss': 1.0158, 'grad_norm': 4.371859073638916, 'learning_rate': 2.0382193845881e-05, 'epoch': 1.85}
{'loss': 0.9515, 'grad_norm': 2.4356534481048584, 'learning_rate': 2.0271348762968876e-05, 'epoch': 1.86}
{'loss': 0.9446, 'grad_norm': 1.962833046913147, 'learning_rate': 2.0160503680056752e-05, 'epoch': 1.86}
{'loss': 0.9727, 'grad_norm': 2.3729796409606934, 'learning_rate': 2.0049658597144632e-05, 'epoch': 1.87}
{'loss': 0.8935, 'grad_norm': 2.380302667617798, 'learning_rate': 1.993881351423251e-05, 'epoch': 1.88}
{'loss': 0.9402, 'grad_norm': 3.0660572052001953, 'learning_rate': 1.9827968431320388e-05, 'epoch': 1.88}
{'loss': 0.943, 'grad_norm': 2.3868777751922607, 'learning_rate': 1.9717123348408264e-05, 'epoch': 1.89}
{'loss': 0.949, 'grad_norm': 2.4429819583892822, 'learning_rate': 1.9606278265496144e-05, 'epoch': 1.89}
{'loss': 0.9992, 'grad_norm': 3.694251537322998, 'learning_rate': 1.9495433182584023e-05, 'epoch': 1.9}
{'loss': 1.0029, 'grad_norm': 3.833906888961792, 'learning_rate': 1.93845880996719e-05, 'epoch': 1.91}
{'loss': 0.915, 'grad_norm': 2.1683897972106934, 'learning_rate': 1.9273743016759776e-05, 'epoch': 1.91}
{'loss': 0.9446, 'grad_norm': 3.3002524375915527, 'learning_rate': 1.9162897933847655e-05, 'epoch': 1.92}
{'loss': 0.9722, 'grad_norm': 1.8957315683364868, 'learning_rate': 1.9052052850935535e-05, 'epoch': 1.93}
{'loss': 0.8877, 'grad_norm': 2.226484537124634, 'learning_rate': 1.894120776802341e-05, 'epoch': 1.93}
{'loss': 0.9486, 'grad_norm': 1.567367672920227, 'learning_rate': 1.8830362685111288e-05, 'epoch': 1.94}
{'loss': 0.9185, 'grad_norm': 2.006895065307617, 'learning_rate': 1.8719517602199167e-05, 'epoch': 1.94}
{'loss': 0.8972, 'grad_norm': 2.558448314666748, 'learning_rate': 1.8608672519287047e-05, 'epoch': 1.95}
{'loss': 0.9071, 'grad_norm': 1.3091932535171509, 'learning_rate': 1.8497827436374923e-05, 'epoch': 1.96}
{'loss': 0.9976, 'grad_norm': 3.2954659461975098, 'learning_rate': 1.83869823534628e-05, 'epoch': 1.96}
{'loss': 1.0446, 'grad_norm': 1.879478096961975, 'learning_rate': 1.827613727055068e-05, 'epoch': 1.97}
{'loss': 0.9642, 'grad_norm': 3.127129077911377, 'learning_rate': 1.816529218763856e-05, 'epoch': 1.98}
{'loss': 0.9646, 'grad_norm': 3.1601033210754395, 'learning_rate': 1.8054447104726435e-05, 'epoch': 1.98}
{'loss': 0.9773, 'grad_norm': 2.7830722332000732, 'learning_rate': 1.794360202181431e-05, 'epoch': 1.99}
{'loss': 1.0481, 'grad_norm': 3.6098837852478027, 'learning_rate': 1.783275693890219e-05, 'epoch': 1.99}
{'loss': 0.9876, 'grad_norm': 2.434360980987549, 'learning_rate': 1.772191185599007e-05, 'epoch': 2.0}
{'loss': 0.9725, 'grad_norm': 3.6395609378814697, 'learning_rate': 1.7611066773077947e-05, 'epoch': 2.01}
{'loss': 1.001, 'grad_norm': 2.7408933639526367, 'learning_rate': 1.7500221690165823e-05, 'epoch': 2.01}
{'loss': 0.9497, 'grad_norm': 2.3282406330108643, 'learning_rate': 1.7389376607253703e-05, 'epoch': 2.02}
{'loss': 0.997, 'grad_norm': 2.3074417114257812, 'learning_rate': 1.7278531524341582e-05, 'epoch': 2.03}
{'loss': 0.9567, 'grad_norm': 2.432589530944824, 'learning_rate': 1.716768644142946e-05, 'epoch': 2.03}
{'loss': 0.9485, 'grad_norm': 2.1928298473358154, 'learning_rate': 1.7056841358517335e-05, 'epoch': 2.04}
{'loss': 0.9601, 'grad_norm': 3.458134651184082, 'learning_rate': 1.6945996275605215e-05, 'epoch': 2.04}
{'loss': 0.9242, 'grad_norm': 3.0629684925079346, 'learning_rate': 1.6835151192693094e-05, 'epoch': 2.05}
{'loss': 0.8734, 'grad_norm': 1.7340539693832397, 'learning_rate': 1.672430610978097e-05, 'epoch': 2.06}
{'loss': 0.9495, 'grad_norm': 2.11639142036438, 'learning_rate': 1.661346102686885e-05, 'epoch': 2.06}
{'loss': 0.942, 'grad_norm': 3.597282886505127, 'learning_rate': 1.6502615943956726e-05, 'epoch': 2.07}
{'loss': 0.9572, 'grad_norm': 3.1991918087005615, 'learning_rate': 1.6391770861044606e-05, 'epoch': 2.08}
{'loss': 0.9933, 'grad_norm': 5.445794582366943, 'learning_rate': 1.6280925778132482e-05, 'epoch': 2.08}
{'loss': 0.9658, 'grad_norm': 2.986016035079956, 'learning_rate': 1.6170080695220362e-05, 'epoch': 2.09}
{'loss': 0.9151, 'grad_norm': 3.1118664741516113, 'learning_rate': 1.6059235612308238e-05, 'epoch': 2.09}
{'loss': 0.936, 'grad_norm': 2.9292023181915283, 'learning_rate': 1.5948390529396118e-05, 'epoch': 2.1}
{'loss': 0.9154, 'grad_norm': 3.7227590084075928, 'learning_rate': 1.5837545446483994e-05, 'epoch': 2.11}
{'loss': 0.9525, 'grad_norm': 3.3569328784942627, 'learning_rate': 1.5726700363571874e-05, 'epoch': 2.11}
{'loss': 0.9121, 'grad_norm': 1.6386209726333618, 'learning_rate': 1.561585528065975e-05, 'epoch': 2.12}
{'loss': 0.9269, 'grad_norm': 5.00214958190918, 'learning_rate': 1.550501019774763e-05, 'epoch': 2.13}
{'loss': 0.9396, 'grad_norm': 2.998181104660034, 'learning_rate': 1.5394165114835506e-05, 'epoch': 2.13}
{'loss': 0.9492, 'grad_norm': 2.8875699043273926, 'learning_rate': 1.5283320031923386e-05, 'epoch': 2.14}
{'loss': 0.8662, 'grad_norm': 1.7739763259887695, 'learning_rate': 1.5172474949011262e-05, 'epoch': 2.14}
{'loss': 0.9433, 'grad_norm': 2.2146337032318115, 'learning_rate': 1.5061629866099141e-05, 'epoch': 2.15}
{'loss': 1.0908, 'grad_norm': 3.7299864292144775, 'learning_rate': 1.495078478318702e-05, 'epoch': 2.16}
{'loss': 0.9985, 'grad_norm': 7.581282138824463, 'learning_rate': 1.4839939700274896e-05, 'epoch': 2.16}
{'loss': 0.9308, 'grad_norm': 2.13153076171875, 'learning_rate': 1.4729094617362774e-05, 'epoch': 2.17}
{'loss': 0.9231, 'grad_norm': 2.604787826538086, 'learning_rate': 1.4618249534450653e-05, 'epoch': 2.18}
{'loss': 0.8207, 'grad_norm': 3.053140878677368, 'learning_rate': 1.4507404451538531e-05, 'epoch': 2.18}
{'loss': 0.9497, 'grad_norm': 3.8750479221343994, 'learning_rate': 1.4396559368626407e-05, 'epoch': 2.19}
{'loss': 0.9241, 'grad_norm': 3.3345115184783936, 'learning_rate': 1.4285714285714285e-05, 'epoch': 2.19}
{'loss': 0.8871, 'grad_norm': 2.39438533782959, 'learning_rate': 1.4174869202802165e-05, 'epoch': 2.2}
{'loss': 0.9721, 'grad_norm': 4.43890905380249, 'learning_rate': 1.4064024119890043e-05, 'epoch': 2.21}
{'loss': 0.9574, 'grad_norm': 3.6635701656341553, 'learning_rate': 1.3953179036977921e-05, 'epoch': 2.21}
{'loss': 0.9116, 'grad_norm': 3.5891857147216797, 'learning_rate': 1.3842333954065797e-05, 'epoch': 2.22}
{'loss': 0.9752, 'grad_norm': 3.292356252670288, 'learning_rate': 1.3731488871153677e-05, 'epoch': 2.23}
{'loss': 0.9376, 'grad_norm': 2.1857900619506836, 'learning_rate': 1.3620643788241555e-05, 'epoch': 2.23}
{'loss': 0.9147, 'grad_norm': 2.038996696472168, 'learning_rate': 1.3509798705329433e-05, 'epoch': 2.24}
{'loss': 0.8924, 'grad_norm': 3.9552743434906006, 'learning_rate': 1.3398953622417309e-05, 'epoch': 2.24}
{'loss': 0.9043, 'grad_norm': 3.715360403060913, 'learning_rate': 1.3288108539505187e-05, 'epoch': 2.25}
{'loss': 0.9993, 'grad_norm': 2.464921236038208, 'learning_rate': 1.3177263456593067e-05, 'epoch': 2.26}
{'loss': 0.9976, 'grad_norm': 1.9103347063064575, 'learning_rate': 1.3066418373680945e-05, 'epoch': 2.26}
{'loss': 0.9191, 'grad_norm': 2.7164857387542725, 'learning_rate': 1.2955573290768821e-05, 'epoch': 2.27}
{'loss': 0.8976, 'grad_norm': 2.816147565841675, 'learning_rate': 1.2844728207856699e-05, 'epoch': 2.28}
{'loss': 0.9302, 'grad_norm': 1.7141352891921997, 'learning_rate': 1.2733883124944578e-05, 'epoch': 2.28}
{'loss': 0.9211, 'grad_norm': 5.028005123138428, 'learning_rate': 1.2623038042032456e-05, 'epoch': 2.29}
{'loss': 0.9218, 'grad_norm': 2.9378678798675537, 'learning_rate': 1.2512192959120333e-05, 'epoch': 2.29}
{'loss': 0.9706, 'grad_norm': 2.152731418609619, 'learning_rate': 1.2401347876208212e-05, 'epoch': 2.3}
{'loss': 0.9594, 'grad_norm': 1.8861128091812134, 'learning_rate': 1.229050279329609e-05, 'epoch': 2.31}
{'loss': 0.9268, 'grad_norm': 2.596355676651001, 'learning_rate': 1.2179657710383968e-05, 'epoch': 2.31}
{'loss': 0.8874, 'grad_norm': 2.015446424484253, 'learning_rate': 1.2068812627471846e-05, 'epoch': 2.32}
{'loss': 0.972, 'grad_norm': 2.829136848449707, 'learning_rate': 1.1957967544559724e-05, 'epoch': 2.33}
{'loss': 0.9227, 'grad_norm': 2.6854989528656006, 'learning_rate': 1.1847122461647602e-05, 'epoch': 2.33}
{'loss': 0.9104, 'grad_norm': 1.9977267980575562, 'learning_rate': 1.173627737873548e-05, 'epoch': 2.34}
{'loss': 0.929, 'grad_norm': 1.871842861175537, 'learning_rate': 1.1625432295823358e-05, 'epoch': 2.34}
{'loss': 0.9151, 'grad_norm': 3.068019390106201, 'learning_rate': 1.1514587212911236e-05, 'epoch': 2.35}
{'loss': 0.9084, 'grad_norm': 2.856440544128418, 'learning_rate': 1.1403742129999114e-05, 'epoch': 2.36}
{'loss': 0.9186, 'grad_norm': 2.3403635025024414, 'learning_rate': 1.1292897047086992e-05, 'epoch': 2.36}
{'loss': 1.0114, 'grad_norm': 1.770965576171875, 'learning_rate': 1.118205196417487e-05, 'epoch': 2.37}
{'loss': 0.8659, 'grad_norm': 3.0890161991119385, 'learning_rate': 1.1071206881262748e-05, 'epoch': 2.38}
{'loss': 0.8736, 'grad_norm': 1.7011592388153076, 'learning_rate': 1.0960361798350626e-05, 'epoch': 2.38}
{'loss': 0.8831, 'grad_norm': 2.9645490646362305, 'learning_rate': 1.0849516715438504e-05, 'epoch': 2.39}
{'loss': 0.9977, 'grad_norm': 3.6543684005737305, 'learning_rate': 1.0738671632526382e-05, 'epoch': 2.39}
{'loss': 0.948, 'grad_norm': 5.639621734619141, 'learning_rate': 1.062782654961426e-05, 'epoch': 2.4}
{'loss': 0.9179, 'grad_norm': 2.7839887142181396, 'learning_rate': 1.0516981466702138e-05, 'epoch': 2.41}
{'loss': 0.8865, 'grad_norm': 2.8757901191711426, 'learning_rate': 1.0406136383790015e-05, 'epoch': 2.41}
{'loss': 0.8444, 'grad_norm': 4.383089542388916, 'learning_rate': 1.0295291300877893e-05, 'epoch': 2.42}
{'loss': 0.9999, 'grad_norm': 3.058417797088623, 'learning_rate': 1.0184446217965771e-05, 'epoch': 2.43}
{'loss': 0.8672, 'grad_norm': 1.9121837615966797, 'learning_rate': 1.007360113505365e-05, 'epoch': 2.43}
{'loss': 0.9715, 'grad_norm': 2.38281512260437, 'learning_rate': 9.962756052141527e-06, 'epoch': 2.44}
{'loss': 0.8994, 'grad_norm': 2.525568723678589, 'learning_rate': 9.851910969229405e-06, 'epoch': 2.44}
{'loss': 0.895, 'grad_norm': 2.4972262382507324, 'learning_rate': 9.741065886317283e-06, 'epoch': 2.45}
{'loss': 0.9282, 'grad_norm': 2.818467140197754, 'learning_rate': 9.630220803405161e-06, 'epoch': 2.46}
{'loss': 0.8868, 'grad_norm': 3.5061726570129395, 'learning_rate': 9.51937572049304e-06, 'epoch': 2.46}
{'loss': 0.8729, 'grad_norm': 2.4104788303375244, 'learning_rate': 9.408530637580917e-06, 'epoch': 2.47}
{'loss': 0.9006, 'grad_norm': 3.124508857727051, 'learning_rate': 9.297685554668795e-06, 'epoch': 2.48}
{'loss': 0.9115, 'grad_norm': 2.1470065116882324, 'learning_rate': 9.186840471756673e-06, 'epoch': 2.48}
{'loss': 0.8664, 'grad_norm': 4.39841365814209, 'learning_rate': 9.075995388844551e-06, 'epoch': 2.49}
{'loss': 0.9572, 'grad_norm': 1.8451411724090576, 'learning_rate': 8.965150305932429e-06, 'epoch': 2.49}
{'loss': 0.8655, 'grad_norm': 1.6057543754577637, 'learning_rate': 8.854305223020307e-06, 'epoch': 2.5}
{'loss': 0.9384, 'grad_norm': 1.5556589365005493, 'learning_rate': 8.743460140108185e-06, 'epoch': 2.51}
{'loss': 0.8811, 'grad_norm': 1.8360861539840698, 'learning_rate': 8.632615057196063e-06, 'epoch': 2.51}
{'loss': 0.8954, 'grad_norm': 3.0963025093078613, 'learning_rate': 8.52176997428394e-06, 'epoch': 2.52}
{'loss': 0.8198, 'grad_norm': 2.2219901084899902, 'learning_rate': 8.410924891371819e-06, 'epoch': 2.53}
{'loss': 1.0129, 'grad_norm': 3.63771653175354, 'learning_rate': 8.300079808459697e-06, 'epoch': 2.53}
{'loss': 0.9197, 'grad_norm': 2.609455108642578, 'learning_rate': 8.189234725547575e-06, 'epoch': 2.54}
{'loss': 0.9459, 'grad_norm': 2.6865692138671875, 'learning_rate': 8.078389642635453e-06, 'epoch': 2.54}
{'loss': 0.85, 'grad_norm': 1.910718560218811, 'learning_rate': 7.96754455972333e-06, 'epoch': 2.55}
{'loss': 0.8965, 'grad_norm': 3.4517102241516113, 'learning_rate': 7.856699476811208e-06, 'epoch': 2.56}
{'loss': 0.8928, 'grad_norm': 2.469961404800415, 'learning_rate': 7.745854393899086e-06, 'epoch': 2.56}
{'loss': 0.8404, 'grad_norm': 3.833376169204712, 'learning_rate': 7.635009310986966e-06, 'epoch': 2.57}
{'loss': 0.9923, 'grad_norm': 4.233697414398193, 'learning_rate': 7.524164228074842e-06, 'epoch': 2.58}
{'loss': 0.8464, 'grad_norm': 1.6092466115951538, 'learning_rate': 7.413319145162721e-06, 'epoch': 2.58}
{'loss': 1.0278, 'grad_norm': 2.7970974445343018, 'learning_rate': 7.302474062250598e-06, 'epoch': 2.59}
{'loss': 0.9882, 'grad_norm': 2.282360076904297, 'learning_rate': 7.191628979338477e-06, 'epoch': 2.59}
{'loss': 0.9213, 'grad_norm': 3.3902862071990967, 'learning_rate': 7.080783896426355e-06, 'epoch': 2.6}
{'loss': 0.9048, 'grad_norm': 1.7947829961776733, 'learning_rate': 6.969938813514233e-06, 'epoch': 2.61}
{'loss': 0.9365, 'grad_norm': 2.429173707962036, 'learning_rate': 6.859093730602111e-06, 'epoch': 2.61}
{'loss': 0.9722, 'grad_norm': 3.3471438884735107, 'learning_rate': 6.748248647689989e-06, 'epoch': 2.62}
{'loss': 0.9267, 'grad_norm': 2.5466530323028564, 'learning_rate': 6.637403564777867e-06, 'epoch': 2.63}
{'loss': 0.8945, 'grad_norm': 2.474294900894165, 'learning_rate': 6.5265584818657456e-06, 'epoch': 2.63}
{'loss': 0.9003, 'grad_norm': 3.2501490116119385, 'learning_rate': 6.415713398953623e-06, 'epoch': 2.64}
{'loss': 0.8495, 'grad_norm': 4.1363091468811035, 'learning_rate': 6.3048683160415015e-06, 'epoch': 2.64}
{'loss': 0.8769, 'grad_norm': 3.6274683475494385, 'learning_rate': 6.1940232331293786e-06, 'epoch': 2.65}
{'loss': 0.8949, 'grad_norm': 5.336186408996582, 'learning_rate': 6.0831781502172565e-06, 'epoch': 2.66}
{'loss': 0.8752, 'grad_norm': 2.617353916168213, 'learning_rate': 5.9723330673051345e-06, 'epoch': 2.66}
{'loss': 0.9749, 'grad_norm': 2.8449788093566895, 'learning_rate': 5.8614879843930124e-06, 'epoch': 2.67}
{'loss': 0.9399, 'grad_norm': 2.5441534519195557, 'learning_rate': 5.75064290148089e-06, 'epoch': 2.68}
{'loss': 1.0226, 'grad_norm': 3.7235450744628906, 'learning_rate': 5.639797818568768e-06, 'epoch': 2.68}
{'loss': 0.8271, 'grad_norm': 2.5545506477355957, 'learning_rate': 5.528952735656646e-06, 'epoch': 2.69}
{'loss': 0.9187, 'grad_norm': 3.267819881439209, 'learning_rate': 5.418107652744524e-06, 'epoch': 2.69}
{'loss': 0.9033, 'grad_norm': 1.963104009628296, 'learning_rate': 5.307262569832402e-06, 'epoch': 2.7}
{'loss': 0.9447, 'grad_norm': 2.128565549850464, 'learning_rate': 5.19641748692028e-06, 'epoch': 2.71}
{'loss': 0.8816, 'grad_norm': 2.2491960525512695, 'learning_rate': 5.085572404008158e-06, 'epoch': 2.71}
{'loss': 0.9497, 'grad_norm': 2.6529898643493652, 'learning_rate': 4.974727321096036e-06, 'epoch': 2.72}
{'loss': 0.8584, 'grad_norm': 1.6624689102172852, 'learning_rate': 4.863882238183914e-06, 'epoch': 2.73}
{'loss': 0.9, 'grad_norm': 2.9481136798858643, 'learning_rate': 4.753037155271793e-06, 'epoch': 2.73}
{'loss': 0.9284, 'grad_norm': 2.976245880126953, 'learning_rate': 4.642192072359671e-06, 'epoch': 2.74}
{'loss': 0.8942, 'grad_norm': 2.8744001388549805, 'learning_rate': 4.531346989447549e-06, 'epoch': 2.74}
{'loss': 0.8686, 'grad_norm': 3.0071310997009277, 'learning_rate': 4.420501906535427e-06, 'epoch': 2.75}
{'loss': 0.8926, 'grad_norm': 2.528700113296509, 'learning_rate': 4.309656823623305e-06, 'epoch': 2.76}
{'loss': 0.9224, 'grad_norm': 2.0501811504364014, 'learning_rate': 4.198811740711183e-06, 'epoch': 2.76}
{'loss': 0.8925, 'grad_norm': 2.0034656524658203, 'learning_rate': 4.0879666577990605e-06, 'epoch': 2.77}
{'loss': 0.9438, 'grad_norm': 3.1089978218078613, 'learning_rate': 3.9771215748869385e-06, 'epoch': 2.78}
{'loss': 0.9026, 'grad_norm': 1.8678797483444214, 'learning_rate': 3.8662764919748164e-06, 'epoch': 2.78}
{'loss': 0.8771, 'grad_norm': 2.741878032684326, 'learning_rate': 3.7554314090626944e-06, 'epoch': 2.79}
{'loss': 0.8811, 'grad_norm': 2.29421067237854, 'learning_rate': 3.6445863261505723e-06, 'epoch': 2.79}
{'loss': 0.9165, 'grad_norm': 2.3573155403137207, 'learning_rate': 3.5337412432384503e-06, 'epoch': 2.8}
{'loss': 0.886, 'grad_norm': 2.213491678237915, 'learning_rate': 3.4228961603263283e-06, 'epoch': 2.81}
{'loss': 0.9646, 'grad_norm': 2.2755255699157715, 'learning_rate': 3.312051077414206e-06, 'epoch': 2.81}
{'loss': 0.9561, 'grad_norm': 2.4229001998901367, 'learning_rate': 3.201205994502084e-06, 'epoch': 2.82}
{'loss': 0.9387, 'grad_norm': 2.231959819793701, 'learning_rate': 3.090360911589962e-06, 'epoch': 2.83}
{'loss': 0.9627, 'grad_norm': 2.9930195808410645, 'learning_rate': 2.97951582867784e-06, 'epoch': 2.83}
{'loss': 0.8443, 'grad_norm': 3.5118095874786377, 'learning_rate': 2.868670745765718e-06, 'epoch': 2.84}
{'loss': 0.9321, 'grad_norm': 3.228567361831665, 'learning_rate': 2.757825662853596e-06, 'epoch': 2.84}
{'loss': 0.8931, 'grad_norm': 2.611682891845703, 'learning_rate': 2.646980579941474e-06, 'epoch': 2.85}
{'loss': 0.8667, 'grad_norm': 2.9889979362487793, 'learning_rate': 2.536135497029352e-06, 'epoch': 2.86}
{'loss': 0.9443, 'grad_norm': 2.009248733520508, 'learning_rate': 2.42529041411723e-06, 'epoch': 2.86}
{'loss': 0.8789, 'grad_norm': 2.6106464862823486, 'learning_rate': 2.314445331205108e-06, 'epoch': 2.87}
{'loss': 0.947, 'grad_norm': 3.158830165863037, 'learning_rate': 2.2036002482929857e-06, 'epoch': 2.88}
{'loss': 0.9728, 'grad_norm': 2.162062883377075, 'learning_rate': 2.092755165380864e-06, 'epoch': 2.88}
{'loss': 0.9223, 'grad_norm': 2.6333365440368652, 'learning_rate': 1.981910082468742e-06, 'epoch': 2.89}
{'loss': 0.8986, 'grad_norm': 2.6802971363067627, 'learning_rate': 1.8710649995566198e-06, 'epoch': 2.89}
{'loss': 0.8739, 'grad_norm': 2.37912917137146, 'learning_rate': 1.7602199166444976e-06, 'epoch': 2.9}
{'loss': 0.9482, 'grad_norm': 1.7719933986663818, 'learning_rate': 1.6493748337323755e-06, 'epoch': 2.91}
{'loss': 0.9072, 'grad_norm': 2.6107680797576904, 'learning_rate': 1.5385297508202537e-06, 'epoch': 2.91}
{'loss': 0.924, 'grad_norm': 2.671869993209839, 'learning_rate': 1.4276846679081316e-06, 'epoch': 2.92}
{'loss': 0.8845, 'grad_norm': 2.741668939590454, 'learning_rate': 1.3168395849960098e-06, 'epoch': 2.93}
{'loss': 0.9046, 'grad_norm': 2.5861737728118896, 'learning_rate': 1.2059945020838875e-06, 'epoch': 2.93}
{'loss': 0.9539, 'grad_norm': 3.116407632827759, 'learning_rate': 1.0951494191717655e-06, 'epoch': 2.94}
{'loss': 0.8664, 'grad_norm': 2.3191092014312744, 'learning_rate': 9.843043362596434e-07, 'epoch': 2.94}
{'loss': 0.9302, 'grad_norm': 2.8733749389648438, 'learning_rate': 8.734592533475215e-07, 'epoch': 2.95}
{'loss': 0.8992, 'grad_norm': 2.595564603805542, 'learning_rate': 7.626141704353996e-07, 'epoch': 2.96}
{'loss': 0.8356, 'grad_norm': 3.2356607913970947, 'learning_rate': 6.517690875232775e-07, 'epoch': 2.96}
{'loss': 0.9202, 'grad_norm': 2.5488226413726807, 'learning_rate': 5.409240046111555e-07, 'epoch': 2.97}
{'loss': 0.8637, 'grad_norm': 3.0167288780212402, 'learning_rate': 4.300789216990335e-07, 'epoch': 2.98}
{'loss': 0.8797, 'grad_norm': 2.3415255546569824, 'learning_rate': 3.1923383878691143e-07, 'epoch': 2.98}
{'loss': 0.8893, 'grad_norm': 3.0371510982513428, 'learning_rate': 2.083887558747894e-07, 'epoch': 2.99}
{'loss': 0.9228, 'grad_norm': 1.7185511589050293, 'learning_rate': 9.754367296266738e-08, 'epoch': 2.99}
{'train_runtime': 1194.4128, 'train_samples_per_second': 160.703, 'train_steps_per_second': 20.089, 'train_loss': 1.0612169817267652, 'epoch': 3.0}

----- Cleaner model: decoderclean_distilgpt2_sst2_confidence (decoder_only_cleaner) -----
{'loss': 3.0796, 'grad_norm': 12.329524993896484, 'learning_rate': 1.7361111111111112e-06, 'epoch': 0.01}
{'loss': 3.0069, 'grad_norm': 12.481623649597168, 'learning_rate': 3.4722222222222224e-06, 'epoch': 0.01}
{'loss': 2.6149, 'grad_norm': 10.221396446228027, 'learning_rate': 5.208333333333334e-06, 'epoch': 0.02}
{'loss': 2.4214, 'grad_norm': 14.926777839660645, 'learning_rate': 6.944444444444445e-06, 'epoch': 0.03}
{'loss': 2.1994, 'grad_norm': 10.755436897277832, 'learning_rate': 8.680555555555556e-06, 'epoch': 0.03}
{'loss': 2.1471, 'grad_norm': 9.983661651611328, 'learning_rate': 1.0416666666666668e-05, 'epoch': 0.04}
{'loss': 2.0546, 'grad_norm': 12.51320743560791, 'learning_rate': 1.2152777777777779e-05, 'epoch': 0.04}
{'loss': 2.1455, 'grad_norm': 11.202302932739258, 'learning_rate': 1.388888888888889e-05, 'epoch': 0.05}
{'loss': 2.012, 'grad_norm': 12.339344024658203, 'learning_rate': 1.5625e-05, 'epoch': 0.06}
{'loss': 1.9263, 'grad_norm': 16.988285064697266, 'learning_rate': 1.736111111111111e-05, 'epoch': 0.06}
{'loss': 1.9456, 'grad_norm': 17.721708297729492, 'learning_rate': 1.9097222222222222e-05, 'epoch': 0.07}
{'loss': 1.9998, 'grad_norm': 10.248577117919922, 'learning_rate': 2.0833333333333336e-05, 'epoch': 0.08}
{'loss': 1.89, 'grad_norm': 11.500648498535156, 'learning_rate': 2.2569444444444447e-05, 'epoch': 0.08}
{'loss': 1.8815, 'grad_norm': 8.550209999084473, 'learning_rate': 2.4305555555555558e-05, 'epoch': 0.09}
{'loss': 1.784, 'grad_norm': 10.250035285949707, 'learning_rate': 2.604166666666667e-05, 'epoch': 0.09}
{'loss': 1.786, 'grad_norm': 12.140734672546387, 'learning_rate': 2.777777777777778e-05, 'epoch': 0.1}
{'loss': 1.7441, 'grad_norm': 7.270993232727051, 'learning_rate': 2.951388888888889e-05, 'epoch': 0.11}
{'loss': 1.7716, 'grad_norm': 8.366207122802734, 'learning_rate': 3.125e-05, 'epoch': 0.11}
{'loss': 1.7098, 'grad_norm': 9.400250434875488, 'learning_rate': 3.2986111111111115e-05, 'epoch': 0.12}
{'loss': 1.6413, 'grad_norm': 9.554459571838379, 'learning_rate': 3.472222222222222e-05, 'epoch': 0.13}
{'loss': 1.7006, 'grad_norm': 11.581608772277832, 'learning_rate': 3.6458333333333336e-05, 'epoch': 0.13}
{'loss': 1.716, 'grad_norm': 12.590929985046387, 'learning_rate': 3.8194444444444444e-05, 'epoch': 0.14}
{'loss': 1.6551, 'grad_norm': 10.010703086853027, 'learning_rate': 3.993055555555556e-05, 'epoch': 0.14}
{'loss': 1.6641, 'grad_norm': 17.141122817993164, 'learning_rate': 4.166666666666667e-05, 'epoch': 0.15}
{'loss': 1.7054, 'grad_norm': 7.656507968902588, 'learning_rate': 4.340277777777778e-05, 'epoch': 0.16}
{'loss': 1.597, 'grad_norm': 8.298369407653809, 'learning_rate': 4.5138888888888894e-05, 'epoch': 0.16}
{'loss': 1.5629, 'grad_norm': 6.891218185424805, 'learning_rate': 4.6875e-05, 'epoch': 0.17}
{'loss': 1.6194, 'grad_norm': 10.634733200073242, 'learning_rate': 4.8611111111111115e-05, 'epoch': 0.18}
{'loss': 1.4942, 'grad_norm': 5.809917449951172, 'learning_rate': 4.997783098341758e-05, 'epoch': 0.18}
{'loss': 1.5994, 'grad_norm': 6.814023017883301, 'learning_rate': 4.986698590050546e-05, 'epoch': 0.19}
{'loss': 1.6492, 'grad_norm': 6.683333873748779, 'learning_rate': 4.9756140817593334e-05, 'epoch': 0.19}
{'loss': 1.5138, 'grad_norm': 5.382419109344482, 'learning_rate': 4.964529573468121e-05, 'epoch': 0.2}
{'loss': 1.5779, 'grad_norm': 13.742985725402832, 'learning_rate': 4.9534450651769086e-05, 'epoch': 0.21}
{'loss': 1.436, 'grad_norm': 10.626544952392578, 'learning_rate': 4.9423605568856966e-05, 'epoch': 0.21}
{'loss': 1.4652, 'grad_norm': 5.050807476043701, 'learning_rate': 4.9312760485944845e-05, 'epoch': 0.22}
{'loss': 1.5068, 'grad_norm': 5.9333014488220215, 'learning_rate': 4.9201915403032725e-05, 'epoch': 0.23}
{'loss': 1.4031, 'grad_norm': 8.718331336975098, 'learning_rate': 4.9091070320120605e-05, 'epoch': 0.23}
{'loss': 1.4578, 'grad_norm': 10.588522911071777, 'learning_rate': 4.8980225237208484e-05, 'epoch': 0.24}
{'loss': 1.5311, 'grad_norm': 10.576507568359375, 'learning_rate': 4.886938015429636e-05, 'epoch': 0.24}
{'loss': 1.4257, 'grad_norm': 5.893671035766602, 'learning_rate': 4.875853507138424e-05, 'epoch': 0.25}
{'loss': 1.4447, 'grad_norm': 6.408811569213867, 'learning_rate': 4.864768998847211e-05, 'epoch': 0.26}
{'loss': 1.4695, 'grad_norm': 7.563449382781982, 'learning_rate': 4.853684490555999e-05, 'epoch': 0.26}
{'loss': 1.4013, 'grad_norm': 9.030961036682129, 'learning_rate': 4.842599982264787e-05, 'epoch': 0.27}
{'loss': 1.3882, 'grad_norm': 6.295141696929932, 'learning_rate': 4.831515473973575e-05, 'epoch': 0.28}
{'loss': 1.3558, 'grad_norm': 7.3931193351745605, 'learning_rate': 4.820430965682363e-05, 'epoch': 0.28}
{'loss': 1.3671, 'grad_norm': 5.170182228088379, 'learning_rate': 4.80934645739115e-05, 'epoch': 0.29}
{'loss': 1.3273, 'grad_norm': 6.0962748527526855, 'learning_rate': 4.798261949099938e-05, 'epoch': 0.29}
{'loss': 1.3061, 'grad_norm': 5.1967620849609375, 'learning_rate': 4.787177440808726e-05, 'epoch': 0.3}
{'loss': 1.3215, 'grad_norm': 9.537979125976562, 'learning_rate': 4.776092932517513e-05, 'epoch': 0.31}
{'loss': 1.328, 'grad_norm': 6.940046310424805, 'learning_rate': 4.765008424226301e-05, 'epoch': 0.31}
{'loss': 1.3938, 'grad_norm': 6.737417697906494, 'learning_rate': 4.753923915935089e-05, 'epoch': 0.32}
{'loss': 1.3741, 'grad_norm': 6.051102638244629, 'learning_rate': 4.742839407643877e-05, 'epoch': 0.33}
{'loss': 1.3454, 'grad_norm': 5.313340663909912, 'learning_rate': 4.731754899352665e-05, 'epoch': 0.33}
{'loss': 1.2569, 'grad_norm': 8.270638465881348, 'learning_rate': 4.7206703910614525e-05, 'epoch': 0.34}
{'loss': 1.3782, 'grad_norm': 4.869058132171631, 'learning_rate': 4.7095858827702404e-05, 'epoch': 0.34}
{'loss': 1.3049, 'grad_norm': 8.56732177734375, 'learning_rate': 4.6985013744790284e-05, 'epoch': 0.35}
{'loss': 1.2807, 'grad_norm': 6.236878395080566, 'learning_rate': 4.687416866187816e-05, 'epoch': 0.36}
{'loss': 1.4857, 'grad_norm': 7.698144435882568, 'learning_rate': 4.6763323578966037e-05, 'epoch': 0.36}
{'loss': 1.2701, 'grad_norm': 6.139172077178955, 'learning_rate': 4.6652478496053916e-05, 'epoch': 0.37}
{'loss': 1.3075, 'grad_norm': 4.205447673797607, 'learning_rate': 4.6541633413141796e-05, 'epoch': 0.38}
{'loss': 1.1824, 'grad_norm': 7.006684303283691, 'learning_rate': 4.6430788330229676e-05, 'epoch': 0.38}
{'loss': 1.2918, 'grad_norm': 6.863292217254639, 'learning_rate': 4.631994324731755e-05, 'epoch': 0.39}
{'loss': 1.1722, 'grad_norm': 5.050022602081299, 'learning_rate': 4.620909816440543e-05, 'epoch': 0.39}
{'loss': 1.2202, 'grad_norm': 7.502623081207275, 'learning_rate': 4.609825308149331e-05, 'epoch': 0.4}
{'loss': 1.1673, 'grad_norm': 7.081296443939209, 'learning_rate': 4.598740799858118e-05, 'epoch': 0.41}
{'loss': 1.2603, 'grad_norm': 5.087361812591553, 'learning_rate': 4.587656291566906e-05, 'epoch': 0.41}
{'loss': 1.2506, 'grad_norm': 5.669273853302002, 'learning_rate': 4.576571783275695e-05, 'epoch': 0.42}
{'loss': 1.2344, 'grad_norm': 6.641826152801514, 'learning_rate': 4.565487274984482e-05, 'epoch': 0.43}
{'loss': 1.2147, 'grad_norm': 7.008813858032227, 'learning_rate': 4.55440276669327e-05, 'epoch': 0.43}
{'loss': 1.2392, 'grad_norm': 5.3981547355651855, 'learning_rate': 4.543318258402057e-05, 'epoch': 0.44}
{'loss': 1.184, 'grad_norm': 5.347370624542236, 'learning_rate': 4.532233750110845e-05, 'epoch': 0.44}
{'loss': 1.1838, 'grad_norm': 4.8115620613098145, 'learning_rate': 4.521149241819633e-05, 'epoch': 0.45}
{'loss': 1.1518, 'grad_norm': 6.498343467712402, 'learning_rate': 4.5100647335284204e-05, 'epoch': 0.46}
{'loss': 1.1699, 'grad_norm': 6.090702056884766, 'learning_rate': 4.498980225237209e-05, 'epoch': 0.46}
{'loss': 1.2542, 'grad_norm': 5.99205207824707, 'learning_rate': 4.487895716945997e-05, 'epoch': 0.47}
{'loss': 1.2124, 'grad_norm': 7.820361614227295, 'learning_rate': 4.476811208654784e-05, 'epoch': 0.48}
{'loss': 1.09, 'grad_norm': 5.115509510040283, 'learning_rate': 4.465726700363572e-05, 'epoch': 0.48}
{'loss': 1.3178, 'grad_norm': 7.083138942718506, 'learning_rate': 4.4546421920723596e-05, 'epoch': 0.49}
{'loss': 1.2081, 'grad_norm': 4.843085289001465, 'learning_rate': 4.4435576837811475e-05, 'epoch': 0.49}
{'loss': 1.1928, 'grad_norm': 6.186203479766846, 'learning_rate': 4.4324731754899355e-05, 'epoch': 0.5}
{'loss': 1.1471, 'grad_norm': 9.869723320007324, 'learning_rate': 4.4213886671987235e-05, 'epoch': 0.51}
{'loss': 1.1337, 'grad_norm': 3.878866195678711, 'learning_rate': 4.4103041589075114e-05, 'epoch': 0.51}
{'loss': 1.2512, 'grad_norm': 6.9644646644592285, 'learning_rate': 4.3992196506162994e-05, 'epoch': 0.52}
{'loss': 1.2432, 'grad_norm': 10.109025955200195, 'learning_rate': 4.388135142325087e-05, 'epoch': 0.53}
{'loss': 1.1319, 'grad_norm': 7.560530662536621, 'learning_rate': 4.3770506340338746e-05, 'epoch': 0.53}
{'loss': 1.0832, 'grad_norm': 4.810304641723633, 'learning_rate': 4.365966125742662e-05, 'epoch': 0.54}
{'loss': 1.1281, 'grad_norm': 8.546239852905273, 'learning_rate': 4.35488161745145e-05, 'epoch': 0.54}
{'loss': 1.1964, 'grad_norm': 8.609577178955078, 'learning_rate': 4.343797109160238e-05, 'epoch': 0.55}
{'loss': 1.0905, 'grad_norm': 8.821341514587402, 'learning_rate': 4.332712600869026e-05, 'epoch': 0.56}
{'loss': 1.1633, 'grad_norm': 5.164708614349365, 'learning_rate': 4.321628092577814e-05, 'epoch': 0.56}
{'loss': 1.1547, 'grad_norm': 5.007615089416504, 'learning_rate': 4.310543584286601e-05, 'epoch': 0.57}
{'loss': 1.1481, 'grad_norm': 6.286699295043945, 'learning_rate': 4.299459075995389e-05, 'epoch': 0.58}
{'loss': 1.0909, 'grad_norm': 6.822585105895996, 'learning_rate': 4.288374567704177e-05, 'epoch': 0.58}
{'loss': 1.0875, 'grad_norm': 2.9564051628112793, 'learning_rate': 4.277290059412964e-05, 'epoch': 0.59}
{'loss': 1.1279, 'grad_norm': 8.112680435180664, 'learning_rate': 4.266205551121752e-05, 'epoch': 0.59}
{'loss': 1.1623, 'grad_norm': 4.28048038482666, 'learning_rate': 4.25512104283054e-05, 'epoch': 0.6}
{'loss': 1.1365, 'grad_norm': 5.5118279457092285, 'learning_rate': 4.244036534539328e-05, 'epoch': 0.61}
{'loss': 1.1835, 'grad_norm': 5.523471355438232, 'learning_rate': 4.232952026248116e-05, 'epoch': 0.61}
{'loss': 1.0469, 'grad_norm': 4.158448219299316, 'learning_rate': 4.2218675179569034e-05, 'epoch': 0.62}
{'loss': 1.093, 'grad_norm': 6.174035549163818, 'learning_rate': 4.2107830096656914e-05, 'epoch': 0.63}
{'loss': 1.091, 'grad_norm': 5.498176097869873, 'learning_rate': 4.1996985013744794e-05, 'epoch': 0.63}
{'loss': 1.0555, 'grad_norm': 7.519307613372803, 'learning_rate': 4.1886139930832667e-05, 'epoch': 0.64}
{'loss': 1.1044, 'grad_norm': 5.199043273925781, 'learning_rate': 4.1775294847920546e-05, 'epoch': 0.64}
{'loss': 1.1183, 'grad_norm': 3.8953535556793213, 'learning_rate': 4.1664449765008426e-05, 'epoch': 0.65}
{'loss': 1.0867, 'grad_norm': 7.180570602416992, 'learning_rate': 4.1553604682096305e-05, 'epoch': 0.66}
{'loss': 1.0471, 'grad_norm': 5.680996417999268, 'learning_rate': 4.1442759599184185e-05, 'epoch': 0.66}
{'loss': 1.1668, 'grad_norm': 9.418086051940918, 'learning_rate': 4.133191451627206e-05, 'epoch': 0.67}
{'loss': 1.0609, 'grad_norm': 6.688922882080078, 'learning_rate': 4.122106943335994e-05, 'epoch': 0.68}
{'loss': 1.0219, 'grad_norm': 5.170718669891357, 'learning_rate': 4.111022435044782e-05, 'epoch': 0.68}
{'loss': 1.0637, 'grad_norm': 5.701146125793457, 'learning_rate': 4.099937926753569e-05, 'epoch': 0.69}
{'loss': 1.0267, 'grad_norm': 4.132057189941406, 'learning_rate': 4.088853418462357e-05, 'epoch': 0.69}
{'loss': 1.0398, 'grad_norm': 6.5449371337890625, 'learning_rate': 4.077768910171145e-05, 'epoch': 0.7}
{'loss': 1.1401, 'grad_norm': 2.6680312156677246, 'learning_rate': 4.066684401879933e-05, 'epoch': 0.71}
{'loss': 1.0522, 'grad_norm': 7.271748065948486, 'learning_rate': 4.055599893588721e-05, 'epoch': 0.71}
{'loss': 1.1089, 'grad_norm': 4.722757816314697, 'learning_rate': 4.044515385297508e-05, 'epoch': 0.72}
{'loss': 1.0896, 'grad_norm': 6.8045268058776855, 'learning_rate': 4.033430877006296e-05, 'epoch': 0.73}
{'loss': 1.0183, 'grad_norm': 5.175835132598877, 'learning_rate': 4.022346368715084e-05, 'epoch': 0.73}
{'loss': 1.0255, 'grad_norm': 6.932859897613525, 'learning_rate': 4.0112618604238714e-05, 'epoch': 0.74}
{'loss': 1.027, 'grad_norm': 3.4725773334503174, 'learning_rate': 4.0001773521326593e-05, 'epoch': 0.74}
{'loss': 1.123, 'grad_norm': 8.35410213470459, 'learning_rate': 3.989092843841448e-05, 'epoch': 0.75}
{'loss': 0.9981, 'grad_norm': 3.6598892211914062, 'learning_rate': 3.978008335550235e-05, 'epoch': 0.76}
{'loss': 0.9949, 'grad_norm': 6.757110595703125, 'learning_rate': 3.966923827259023e-05, 'epoch': 0.76}
{'loss': 0.9903, 'grad_norm': 3.9974968433380127, 'learning_rate': 3.9558393189678105e-05, 'epoch': 0.77}
{'loss': 1.0358, 'grad_norm': 6.332452297210693, 'learning_rate': 3.9447548106765985e-05, 'epoch': 0.78}
{'loss': 1.0622, 'grad_norm': 6.182547569274902, 'learning_rate': 3.9336703023853865e-05, 'epoch': 0.78}
{'loss': 0.941, 'grad_norm': 6.059864521026611, 'learning_rate': 3.922585794094174e-05, 'epoch': 0.79}
{'loss': 1.0272, 'grad_norm': 3.8252248764038086, 'learning_rate': 3.911501285802962e-05, 'epoch': 0.79}
{'loss': 1.0434, 'grad_norm': 4.812681198120117, 'learning_rate': 3.90041677751175e-05, 'epoch': 0.8}
{'loss': 1.0251, 'grad_norm': 7.898326873779297, 'learning_rate': 3.8893322692205376e-05, 'epoch': 0.81}
{'loss': 1.0256, 'grad_norm': 4.41188907623291, 'learning_rate': 3.8782477609293256e-05, 'epoch': 0.81}
{'loss': 1.038, 'grad_norm': 5.864558219909668, 'learning_rate': 3.867163252638113e-05, 'epoch': 0.82}
{'loss': 0.9674, 'grad_norm': 5.361067295074463, 'learning_rate': 3.856078744346901e-05, 'epoch': 0.83}
{'loss': 0.9764, 'grad_norm': 6.829565525054932, 'learning_rate': 3.844994236055689e-05, 'epoch': 0.83}
{'loss': 0.9613, 'grad_norm': 5.833041667938232, 'learning_rate': 3.833909727764476e-05, 'epoch': 0.84}
{'loss': 0.9813, 'grad_norm': 5.885936737060547, 'learning_rate': 3.822825219473265e-05, 'epoch': 0.84}
{'loss': 1.0186, 'grad_norm': 3.658026695251465, 'learning_rate': 3.811740711182052e-05, 'epoch': 0.85}
{'loss': 1.0161, 'grad_norm': 5.650588035583496, 'learning_rate': 3.80065620289084e-05, 'epoch': 0.86}
{'loss': 0.946, 'grad_norm': 5.578815460205078, 'learning_rate': 3.789571694599628e-05, 'epoch': 0.86}
{'loss': 0.9733, 'grad_norm': 4.731507778167725, 'learning_rate': 3.778487186308415e-05, 'epoch': 0.87}
{'loss': 0.989, 'grad_norm': 5.840059757232666, 'learning_rate': 3.767402678017203e-05, 'epoch': 0.88}
{'loss': 0.9595, 'grad_norm': 5.55417537689209, 'learning_rate': 3.756318169725991e-05, 'epoch': 0.88}
{'loss': 0.9114, 'grad_norm': 5.222977638244629, 'learning_rate': 3.745233661434779e-05, 'epoch': 0.89}
{'loss': 1.0205, 'grad_norm': 3.954899787902832, 'learning_rate': 3.734149153143567e-05, 'epoch': 0.89}
{'loss': 0.9743, 'grad_norm': 6.363195419311523, 'learning_rate': 3.7230646448523544e-05, 'epoch': 0.9}
{'loss': 0.9599, 'grad_norm': 4.054183006286621, 'learning_rate': 3.7119801365611424e-05, 'epoch': 0.91}
{'loss': 1.0168, 'grad_norm': 3.6419425010681152, 'learning_rate': 3.70089562826993e-05, 'epoch': 0.91}
{'loss': 0.9392, 'grad_norm': 5.180826187133789, 'learning_rate': 3.6898111199787176e-05, 'epoch': 0.92}
{'loss': 0.9555, 'grad_norm': 4.816666603088379, 'learning_rate': 3.6787266116875056e-05, 'epoch': 0.93}
{'loss': 1.0709, 'grad_norm': 6.216162204742432, 'learning_rate': 3.6676421033962935e-05, 'epoch': 0.93}
{'loss': 0.9861, 'grad_norm': 6.828121185302734, 'learning_rate': 3.6565575951050815e-05, 'epoch': 0.94}
{'loss': 1.0034, 'grad_norm': 2.8628621101379395, 'learning_rate': 3.6454730868138695e-05, 'epoch': 0.94}
{'loss': 0.9787, 'grad_norm': 6.260034561157227, 'learning_rate': 3.634388578522657e-05, 'epoch': 0.95}
{'loss': 0.9539, 'grad_norm': 8.085190773010254, 'learning_rate': 3.623304070231445e-05, 'epoch': 0.96}
{'loss': 0.906, 'grad_norm': 6.631087779998779, 'learning_rate': 3.612219561940233e-05, 'epoch': 0.96}
{'loss': 0.9914, 'grad_norm': 4.617865085601807, 'learning_rate': 3.60113505364902e-05, 'epoch': 0.97}
{'loss': 0.9844, 'grad_norm': 8.42834758758545, 'learning_rate': 3.590050545357808e-05, 'epoch': 0.98}
{'loss': 0.9199, 'grad_norm': 5.351938724517822, 'learning_rate': 3.578966037066596e-05, 'epoch': 0.98}
{'loss': 0.8444, 'grad_norm': 5.712428092956543, 'learning_rate': 3.567881528775384e-05, 'epoch': 0.99}
{'loss': 0.9475, 'grad_norm': 5.648535251617432, 'learning_rate': 3.556797020484172e-05, 'epoch': 0.99}
{'loss': 0.9494, 'grad_norm': 4.519888401031494, 'learning_rate': 3.545712512192959e-05, 'epoch': 1.0}
{'loss': 0.8071, 'grad_norm': 6.9392313957214355, 'learning_rate': 3.534628003901747e-05, 'epoch': 1.01}
{'loss': 0.7881, 'grad_norm': 4.807551860809326, 'learning_rate': 3.523543495610535e-05, 'epoch': 1.01}
{'loss': 0.8353, 'grad_norm': 5.079051971435547, 'learning_rate': 3.5124589873193223e-05, 'epoch': 1.02}
{'loss': 0.7631, 'grad_norm': 4.507166385650635, 'learning_rate': 3.50137447902811e-05, 'epoch': 1.03}
{'loss': 0.7279, 'grad_norm': 7.220077991485596, 'learning_rate': 3.490289970736898e-05, 'epoch': 1.03}
{'loss': 0.7907, 'grad_norm': 3.931624174118042, 'learning_rate': 3.479205462445686e-05, 'epoch': 1.04}
{'loss': 0.7703, 'grad_norm': 5.717571258544922, 'learning_rate': 3.468120954154474e-05, 'epoch': 1.04}
{'loss': 0.841, 'grad_norm': 4.24360466003418, 'learning_rate': 3.4570364458632615e-05, 'epoch': 1.05}
{'loss': 0.8238, 'grad_norm': 4.223249435424805, 'learning_rate': 3.4459519375720495e-05, 'epoch': 1.06}
{'loss': 0.7694, 'grad_norm': 4.965888023376465, 'learning_rate': 3.4348674292808374e-05, 'epoch': 1.06}
{'loss': 0.7356, 'grad_norm': 3.143557071685791, 'learning_rate': 3.423782920989625e-05, 'epoch': 1.07}
{'loss': 0.8033, 'grad_norm': 6.285142421722412, 'learning_rate': 3.412698412698413e-05, 'epoch': 1.08}
{'loss': 0.8038, 'grad_norm': 4.591456890106201, 'learning_rate': 3.4016139044072006e-05, 'epoch': 1.08}
{'loss': 0.7957, 'grad_norm': 4.498940944671631, 'learning_rate': 3.3905293961159886e-05, 'epoch': 1.09}
{'loss': 0.819, 'grad_norm': 9.056310653686523, 'learning_rate': 3.3794448878247766e-05, 'epoch': 1.09}
{'loss': 0.7848, 'grad_norm': 4.196044445037842, 'learning_rate': 3.368360379533564e-05, 'epoch': 1.1}
{'loss': 0.8136, 'grad_norm': 3.7330868244171143, 'learning_rate': 3.357275871242352e-05, 'epoch': 1.11}
{'loss': 0.8609, 'grad_norm': 4.8693437576293945, 'learning_rate': 3.34619136295114e-05, 'epoch': 1.11}
{'loss': 0.7765, 'grad_norm': 6.953249454498291, 'learning_rate': 3.335106854659927e-05, 'epoch': 1.12}
{'loss': 0.84, 'grad_norm': 7.393133640289307, 'learning_rate': 3.324022346368715e-05, 'epoch': 1.13}
{'loss': 0.7793, 'grad_norm': 5.532023906707764, 'learning_rate': 3.312937838077503e-05, 'epoch': 1.13}
{'loss': 0.7587, 'grad_norm': 5.626534938812256, 'learning_rate': 3.301853329786291e-05, 'epoch': 1.14}
{'loss': 0.7267, 'grad_norm': 6.172021389007568, 'learning_rate': 3.290768821495079e-05, 'epoch': 1.14}
{'loss': 0.7696, 'grad_norm': 3.9182636737823486, 'learning_rate': 3.279684313203866e-05, 'epoch': 1.15}
{'loss': 0.7777, 'grad_norm': 6.907481670379639, 'learning_rate': 3.268599804912654e-05, 'epoch': 1.16}
{'loss': 0.7819, 'grad_norm': 5.519712448120117, 'learning_rate': 3.257515296621442e-05, 'epoch': 1.16}
{'loss': 0.7499, 'grad_norm': 3.717529773712158, 'learning_rate': 3.2464307883302294e-05, 'epoch': 1.17}
{'loss': 0.7609, 'grad_norm': 6.190513610839844, 'learning_rate': 3.235346280039018e-05, 'epoch': 1.18}
{'loss': 0.8031, 'grad_norm': 9.044506072998047, 'learning_rate': 3.2242617717478054e-05, 'epoch': 1.18}
{'loss': 0.7608, 'grad_norm': 6.315578460693359, 'learning_rate': 3.213177263456593e-05, 'epoch': 1.19}
{'loss': 0.7874, 'grad_norm': 5.848668098449707, 'learning_rate': 3.202092755165381e-05, 'epoch': 1.19}
{'loss': 0.8134, 'grad_norm': 4.544388294219971, 'learning_rate': 3.1910082468741686e-05, 'epoch': 1.2}
{'loss': 0.7148, 'grad_norm': 7.800570487976074, 'learning_rate': 3.1799237385829565e-05, 'epoch': 1.21}
{'loss': 0.707, 'grad_norm': 4.104032039642334, 'learning_rate': 3.1688392302917445e-05, 'epoch': 1.21}
{'loss': 0.7684, 'grad_norm': 6.3060431480407715, 'learning_rate': 3.157754722000532e-05, 'epoch': 1.22}
{'loss': 0.8234, 'grad_norm': 4.768521785736084, 'learning_rate': 3.1466702137093204e-05, 'epoch': 1.23}
{'loss': 0.7385, 'grad_norm': 4.666290283203125, 'learning_rate': 3.135585705418108e-05, 'epoch': 1.23}
{'loss': 0.8367, 'grad_norm': 5.553126811981201, 'learning_rate': 3.124501197126896e-05, 'epoch': 1.24}
{'loss': 0.7668, 'grad_norm': 5.254106521606445, 'learning_rate': 3.1134166888356837e-05, 'epoch': 1.24}
{'loss': 0.821, 'grad_norm': 3.583442449569702, 'learning_rate': 3.102332180544471e-05, 'epoch': 1.25}
{'loss': 0.8695, 'grad_norm': 4.88562536239624, 'learning_rate': 3.091247672253259e-05, 'epoch': 1.26}
{'loss': 0.8466, 'grad_norm': 4.163023471832275, 'learning_rate': 3.080163163962046e-05, 'epoch': 1.26}
{'loss': 0.7621, 'grad_norm': 3.631605625152588, 'learning_rate': 3.069078655670835e-05, 'epoch': 1.27}
{'loss': 0.7354, 'grad_norm': 3.125816583633423, 'learning_rate': 3.057994147379623e-05, 'epoch': 1.28}
{'loss': 0.7268, 'grad_norm': 7.364834785461426, 'learning_rate': 3.04690963908841e-05, 'epoch': 1.28}
{'loss': 0.7323, 'grad_norm': 4.366919040679932, 'learning_rate': 3.035825130797198e-05, 'epoch': 1.29}
{'loss': 0.7842, 'grad_norm': 4.282547950744629, 'learning_rate': 3.024740622505986e-05, 'epoch': 1.29}
{'loss': 0.8058, 'grad_norm': 6.730435848236084, 'learning_rate': 3.0136561142147733e-05, 'epoch': 1.3}
{'loss': 0.8366, 'grad_norm': 8.367692947387695, 'learning_rate': 3.0025716059235616e-05, 'epoch': 1.31}
{'loss': 0.7687, 'grad_norm': 6.136801719665527, 'learning_rate': 2.991487097632349e-05, 'epoch': 1.31}
{'loss': 0.7072, 'grad_norm': 5.051130294799805, 'learning_rate': 2.980402589341137e-05, 'epoch': 1.32}
{'loss': 0.795, 'grad_norm': 4.376817226409912, 'learning_rate': 2.9693180810499248e-05, 'epoch': 1.33}
{'loss': 0.7234, 'grad_norm': 4.690459251403809, 'learning_rate': 2.9582335727587124e-05, 'epoch': 1.33}
{'loss': 0.6592, 'grad_norm': 7.4477739334106445, 'learning_rate': 2.9471490644675004e-05, 'epoch': 1.34}
{'loss': 0.747, 'grad_norm': 6.906752109527588, 'learning_rate': 2.9360645561762884e-05, 'epoch': 1.34}
{'loss': 0.7526, 'grad_norm': 6.806386470794678, 'learning_rate': 2.924980047885076e-05, 'epoch': 1.35}
{'loss': 0.7171, 'grad_norm': 2.982926607131958, 'learning_rate': 2.913895539593864e-05, 'epoch': 1.36}
{'loss': 0.7273, 'grad_norm': 5.146213054656982, 'learning_rate': 2.9028110313026513e-05, 'epoch': 1.36}
{'loss': 0.7287, 'grad_norm': 3.7136900424957275, 'learning_rate': 2.8917265230114392e-05, 'epoch': 1.37}
{'loss': 0.7499, 'grad_norm': 4.5904436111450195, 'learning_rate': 2.8806420147202272e-05, 'epoch': 1.38}
{'loss': 0.7413, 'grad_norm': 4.8920087814331055, 'learning_rate': 2.8695575064290148e-05, 'epoch': 1.38}
{'loss': 0.8262, 'grad_norm': 6.33187198638916, 'learning_rate': 2.8584729981378028e-05, 'epoch': 1.39}
{'loss': 0.7717, 'grad_norm': 4.779362678527832, 'learning_rate': 2.8473884898465907e-05, 'epoch': 1.39}
{'loss': 0.7437, 'grad_norm': 3.326854944229126, 'learning_rate': 2.8363039815553784e-05, 'epoch': 1.4}
{'loss': 0.7175, 'grad_norm': 4.281587600708008, 'learning_rate': 2.8252194732641663e-05, 'epoch': 1.41}
{'loss': 0.7788, 'grad_norm': 5.297781467437744, 'learning_rate': 2.8141349649729536e-05, 'epoch': 1.41}
{'loss': 0.7389, 'grad_norm': 5.925832271575928, 'learning_rate': 2.8030504566817416e-05, 'epoch': 1.42}
{'loss': 0.7578, 'grad_norm': 6.158506870269775, 'learning_rate': 2.79196594839053e-05, 'epoch': 1.43}
{'loss': 0.7637, 'grad_norm': 5.640133857727051, 'learning_rate': 2.7808814400993172e-05, 'epoch': 1.43}
{'loss': 0.7629, 'grad_norm': 4.196884632110596, 'learning_rate': 2.769796931808105e-05, 'epoch': 1.44}
{'loss': 0.6933, 'grad_norm': 5.1175312995910645, 'learning_rate': 2.758712423516893e-05, 'epoch': 1.44}
{'loss': 0.7501, 'grad_norm': 4.605208873748779, 'learning_rate': 2.7476279152256807e-05, 'epoch': 1.45}
{'loss': 0.7906, 'grad_norm': 5.440244197845459, 'learning_rate': 2.7365434069344687e-05, 'epoch': 1.46}
{'loss': 0.6901, 'grad_norm': 3.482649087905884, 'learning_rate': 2.725458898643256e-05, 'epoch': 1.46}
{'loss': 0.7516, 'grad_norm': 6.6225810050964355, 'learning_rate': 2.714374390352044e-05, 'epoch': 1.47}
{'loss': 0.6938, 'grad_norm': 5.80906343460083, 'learning_rate': 2.7032898820608322e-05, 'epoch': 1.48}
{'loss': 0.7325, 'grad_norm': 4.377142906188965, 'learning_rate': 2.6922053737696195e-05, 'epoch': 1.48}
{'loss': 0.6743, 'grad_norm': 3.2878644466400146, 'learning_rate': 2.6811208654784075e-05, 'epoch': 1.49}
{'loss': 0.7523, 'grad_norm': 5.358527660369873, 'learning_rate': 2.6700363571871955e-05, 'epoch': 1.49}
{'loss': 0.756, 'grad_norm': 7.4679741859436035, 'learning_rate': 2.658951848895983e-05, 'epoch': 1.5}
{'loss': 0.6442, 'grad_norm': 4.365396022796631, 'learning_rate': 2.647867340604771e-05, 'epoch': 1.51}
{'loss': 0.7243, 'grad_norm': 5.196405410766602, 'learning_rate': 2.6367828323135583e-05, 'epoch': 1.51}
{'loss': 0.6738, 'grad_norm': 3.8094916343688965, 'learning_rate': 2.6256983240223466e-05, 'epoch': 1.52}
{'loss': 0.6988, 'grad_norm': 3.665771961212158, 'learning_rate': 2.6146138157311346e-05, 'epoch': 1.53}
{'loss': 0.7908, 'grad_norm': 4.1680827140808105, 'learning_rate': 2.603529307439922e-05, 'epoch': 1.53}
{'loss': 0.7666, 'grad_norm': 3.3050804138183594, 'learning_rate': 2.59244479914871e-05, 'epoch': 1.54}
{'loss': 0.7919, 'grad_norm': 5.546522617340088, 'learning_rate': 2.5813602908574975e-05, 'epoch': 1.54}
{'loss': 0.7374, 'grad_norm': 3.807619333267212, 'learning_rate': 2.5702757825662855e-05, 'epoch': 1.55}
{'loss': 0.6786, 'grad_norm': 5.9561357498168945, 'learning_rate': 2.5591912742750734e-05, 'epoch': 1.56}
{'loss': 0.6677, 'grad_norm': 4.009000778198242, 'learning_rate': 2.548106765983861e-05, 'epoch': 1.56}
{'loss': 0.7901, 'grad_norm': 4.29920768737793, 'learning_rate': 2.537022257692649e-05, 'epoch': 1.57}
{'loss': 0.7307, 'grad_norm': 4.4655609130859375, 'learning_rate': 2.525937749401437e-05, 'epoch': 1.58}
{'loss': 0.6738, 'grad_norm': 4.6386260986328125, 'learning_rate': 2.5148532411102243e-05, 'epoch': 1.58}
{'loss': 0.7127, 'grad_norm': 3.5725607872009277, 'learning_rate': 2.5037687328190122e-05, 'epoch': 1.59}
{'loss': 0.6938, 'grad_norm': 3.698615550994873, 'learning_rate': 2.4926842245278002e-05, 'epoch': 1.59}
{'loss': 0.7105, 'grad_norm': 2.901477098464966, 'learning_rate': 2.4815997162365878e-05, 'epoch': 1.6}
{'loss': 0.7383, 'grad_norm': 3.9188435077667236, 'learning_rate': 2.4705152079453754e-05, 'epoch': 1.61}
{'loss': 0.703, 'grad_norm': 5.165416717529297, 'learning_rate': 2.4594306996541634e-05, 'epoch': 1.61}
{'loss': 0.7796, 'grad_norm': 4.4899444580078125, 'learning_rate': 2.4483461913629514e-05, 'epoch': 1.62}
{'loss': 0.7802, 'grad_norm': 4.0957489013671875, 'learning_rate': 2.437261683071739e-05, 'epoch': 1.63}
{'loss': 0.7666, 'grad_norm': 3.2249882221221924, 'learning_rate': 2.4261771747805266e-05, 'epoch': 1.63}
{'loss': 0.7075, 'grad_norm': 3.927962064743042, 'learning_rate': 2.415092666489315e-05, 'epoch': 1.64}
{'loss': 0.7266, 'grad_norm': 6.046097755432129, 'learning_rate': 2.4040081581981026e-05, 'epoch': 1.64}
{'loss': 0.6321, 'grad_norm': 5.534830570220947, 'learning_rate': 2.3929236499068902e-05, 'epoch': 1.65}
{'loss': 0.6598, 'grad_norm': 6.465577125549316, 'learning_rate': 2.3818391416156778e-05, 'epoch': 1.66}
{'loss': 0.7039, 'grad_norm': 5.717728137969971, 'learning_rate': 2.370754633324466e-05, 'epoch': 1.66}
{'loss': 0.7735, 'grad_norm': 5.8963541984558105, 'learning_rate': 2.3596701250332537e-05, 'epoch': 1.67}
{'loss': 0.722, 'grad_norm': 7.241717338562012, 'learning_rate': 2.3485856167420414e-05, 'epoch': 1.68}
{'loss': 0.7457, 'grad_norm': 7.954429626464844, 'learning_rate': 2.337501108450829e-05, 'epoch': 1.68}
{'loss': 0.7122, 'grad_norm': 6.147536277770996, 'learning_rate': 2.3264166001596173e-05, 'epoch': 1.69}
{'loss': 0.6431, 'grad_norm': 5.868386268615723, 'learning_rate': 2.315332091868405e-05, 'epoch': 1.69}
{'loss': 0.7239, 'grad_norm': 4.314051151275635, 'learning_rate': 2.3042475835771925e-05, 'epoch': 1.7}
{'loss': 0.7007, 'grad_norm': 7.609525680541992, 'learning_rate': 2.2931630752859805e-05, 'epoch': 1.71}
{'loss': 0.6182, 'grad_norm': 3.1101152896881104, 'learning_rate': 2.2820785669947685e-05, 'epoch': 1.71}
{'loss': 0.6349, 'grad_norm': 4.613543510437012, 'learning_rate': 2.270994058703556e-05, 'epoch': 1.72}
{'loss': 0.6469, 'grad_norm': 5.427943229675293, 'learning_rate': 2.2599095504123437e-05, 'epoch': 1.73}
{'loss': 0.7446, 'grad_norm': 4.64559268951416, 'learning_rate': 2.2488250421211317e-05, 'epoch': 1.73}
{'loss': 0.738, 'grad_norm': 3.6670587062835693, 'learning_rate': 2.2377405338299197e-05, 'epoch': 1.74}
{'loss': 0.665, 'grad_norm': 5.370882987976074, 'learning_rate': 2.2266560255387073e-05, 'epoch': 1.74}
{'loss': 0.6985, 'grad_norm': 5.138377666473389, 'learning_rate': 2.215571517247495e-05, 'epoch': 1.75}
{'loss': 0.7009, 'grad_norm': 4.2493157386779785, 'learning_rate': 2.204487008956283e-05, 'epoch': 1.76}
{'loss': 0.6732, 'grad_norm': 5.857973098754883, 'learning_rate': 2.1934025006650705e-05, 'epoch': 1.76}
{'loss': 0.6886, 'grad_norm': 5.704474925994873, 'learning_rate': 2.1823179923738585e-05, 'epoch': 1.77}
{'loss': 0.7056, 'grad_norm': 5.437808513641357, 'learning_rate': 2.171233484082646e-05, 'epoch': 1.78}
{'loss': 0.6507, 'grad_norm': 4.034332275390625, 'learning_rate': 2.160148975791434e-05, 'epoch': 1.78}
{'loss': 0.7518, 'grad_norm': 4.768078804016113, 'learning_rate': 2.1490644675002217e-05, 'epoch': 1.79}
{'loss': 0.7248, 'grad_norm': 4.576999187469482, 'learning_rate': 2.1379799592090096e-05, 'epoch': 1.79}
{'loss': 0.6921, 'grad_norm': 4.67795467376709, 'learning_rate': 2.1268954509177973e-05, 'epoch': 1.8}
{'loss': 0.7217, 'grad_norm': 6.426413536071777, 'learning_rate': 2.1158109426265852e-05, 'epoch': 1.81}
{'loss': 0.748, 'grad_norm': 6.6833815574646, 'learning_rate': 2.104726434335373e-05, 'epoch': 1.81}
{'loss': 0.6606, 'grad_norm': 3.598771572113037, 'learning_rate': 2.0936419260441608e-05, 'epoch': 1.82}
{'loss': 0.662, 'grad_norm': 4.657608509063721, 'learning_rate': 2.0825574177529484e-05, 'epoch': 1.83}
{'loss': 0.6941, 'grad_norm': 4.121243000030518, 'learning_rate': 2.0714729094617364e-05, 'epoch': 1.83}
{'loss': 0.7328, 'grad_norm': 7.086270332336426, 'learning_rate': 2.060388401170524e-05, 'epoch': 1.84}
{'loss': 0.667, 'grad_norm': 3.513416290283203, 'learning_rate': 2.049303892879312e-05, 'epoch': 1.84}
{'loss': 0.7353, 'grad_norm': 6.275383472442627, 'learning_rate': 2.0382193845881e-05, 'epoch': 1.85}
{'loss': 0.6579, 'grad_norm': 3.346204996109009, 'learning_rate': 2.0271348762968876e-05, 'epoch': 1.86}
{'loss': 0.6261, 'grad_norm': 3.6886229515075684, 'learning_rate': 2.0160503680056752e-05, 'epoch': 1.86}
{'loss': 0.6952, 'grad_norm': 4.691795825958252, 'learning_rate': 2.0049658597144632e-05, 'epoch': 1.87}
{'loss': 0.6283, 'grad_norm': 4.332613468170166, 'learning_rate': 1.993881351423251e-05, 'epoch': 1.88}
{'loss': 0.6811, 'grad_norm': 6.810257434844971, 'learning_rate': 1.9827968431320388e-05, 'epoch': 1.88}
{'loss': 0.6692, 'grad_norm': 4.94374418258667, 'learning_rate': 1.9717123348408264e-05, 'epoch': 1.89}
{'loss': 0.6718, 'grad_norm': 4.071518421173096, 'learning_rate': 1.9606278265496144e-05, 'epoch': 1.89}
{'loss': 0.7668, 'grad_norm': 4.132559299468994, 'learning_rate': 1.9495433182584023e-05, 'epoch': 1.9}
{'loss': 0.6971, 'grad_norm': 4.5668816566467285, 'learning_rate': 1.93845880996719e-05, 'epoch': 1.91}
{'loss': 0.7145, 'grad_norm': 3.1153976917266846, 'learning_rate': 1.9273743016759776e-05, 'epoch': 1.91}
{'loss': 0.6853, 'grad_norm': 4.103890419006348, 'learning_rate': 1.9162897933847655e-05, 'epoch': 1.92}
{'loss': 0.7267, 'grad_norm': 2.7618141174316406, 'learning_rate': 1.9052052850935535e-05, 'epoch': 1.93}
{'loss': 0.6173, 'grad_norm': 4.695096492767334, 'learning_rate': 1.894120776802341e-05, 'epoch': 1.93}
{'loss': 0.6772, 'grad_norm': 3.9554049968719482, 'learning_rate': 1.8830362685111288e-05, 'epoch': 1.94}
{'loss': 0.6441, 'grad_norm': 5.211184024810791, 'learning_rate': 1.8719517602199167e-05, 'epoch': 1.94}
{'loss': 0.6343, 'grad_norm': 4.7099833488464355, 'learning_rate': 1.8608672519287047e-05, 'epoch': 1.95}
{'loss': 0.6727, 'grad_norm': 2.728374719619751, 'learning_rate': 1.8497827436374923e-05, 'epoch': 1.96}
{'loss': 0.7343, 'grad_norm': 7.899057865142822, 'learning_rate': 1.83869823534628e-05, 'epoch': 1.96}
{'loss': 0.703, 'grad_norm': 5.555800437927246, 'learning_rate': 1.827613727055068e-05, 'epoch': 1.97}
{'loss': 0.6563, 'grad_norm': 9.962939262390137, 'learning_rate': 1.816529218763856e-05, 'epoch': 1.98}
{'loss': 0.704, 'grad_norm': 7.760435104370117, 'learning_rate': 1.8054447104726435e-05, 'epoch': 1.98}
{'loss': 0.7354, 'grad_norm': 5.018180847167969, 'learning_rate': 1.794360202181431e-05, 'epoch': 1.99}
{'loss': 0.7864, 'grad_norm': 8.347860336303711, 'learning_rate': 1.783275693890219e-05, 'epoch': 1.99}
{'loss': 0.6996, 'grad_norm': 4.062679767608643, 'learning_rate': 1.772191185599007e-05, 'epoch': 2.0}
{'loss': 0.6001, 'grad_norm': 5.423121452331543, 'learning_rate': 1.7611066773077947e-05, 'epoch': 2.01}
{'loss': 0.6177, 'grad_norm': 4.938915729522705, 'learning_rate': 1.7500221690165823e-05, 'epoch': 2.01}
{'loss': 0.549, 'grad_norm': 4.09642219543457, 'learning_rate': 1.7389376607253703e-05, 'epoch': 2.02}
{'loss': 0.6146, 'grad_norm': 7.421689033508301, 'learning_rate': 1.7278531524341582e-05, 'epoch': 2.03}
{'loss': 0.5794, 'grad_norm': 4.173671722412109, 'learning_rate': 1.716768644142946e-05, 'epoch': 2.03}
{'loss': 0.5646, 'grad_norm': 5.711447715759277, 'learning_rate': 1.7056841358517335e-05, 'epoch': 2.04}
{'loss': 0.5805, 'grad_norm': 6.093594551086426, 'learning_rate': 1.6945996275605215e-05, 'epoch': 2.04}
{'loss': 0.5947, 'grad_norm': 7.598511695861816, 'learning_rate': 1.6835151192693094e-05, 'epoch': 2.05}
{'loss': 0.5381, 'grad_norm': 2.5876212120056152, 'learning_rate': 1.672430610978097e-05, 'epoch': 2.06}
{'loss': 0.6028, 'grad_norm': 5.248011112213135, 'learning_rate': 1.661346102686885e-05, 'epoch': 2.06}
{'loss': 0.5919, 'grad_norm': 7.723073482513428, 'learning_rate': 1.6502615943956726e-05, 'epoch': 2.07}
{'loss': 0.5854, 'grad_norm': 3.2680885791778564, 'learning_rate': 1.6391770861044606e-05, 'epoch': 2.08}
{'loss': 0.5769, 'grad_norm': 8.70233154296875, 'learning_rate': 1.6280925778132482e-05, 'epoch': 2.08}
{'loss': 0.5878, 'grad_norm': 4.117819786071777, 'learning_rate': 1.6170080695220362e-05, 'epoch': 2.09}
{'loss': 0.5545, 'grad_norm': 5.564031600952148, 'learning_rate': 1.6059235612308238e-05, 'epoch': 2.09}
{'loss': 0.5494, 'grad_norm': 6.70786714553833, 'learning_rate': 1.5948390529396118e-05, 'epoch': 2.1}
{'loss': 0.5722, 'grad_norm': 5.407674789428711, 'learning_rate': 1.5837545446483994e-05, 'epoch': 2.11}
{'loss': 0.5564, 'grad_norm': 5.067351341247559, 'learning_rate': 1.5726700363571874e-05, 'epoch': 2.11}
{'loss': 0.547, 'grad_norm': 4.466046333312988, 'learning_rate': 1.561585528065975e-05, 'epoch': 2.12}
{'loss': 0.5755, 'grad_norm': 8.450986862182617, 'learning_rate': 1.550501019774763e-05, 'epoch': 2.13}
{'loss': 0.5798, 'grad_norm': 4.088625431060791, 'learning_rate': 1.5394165114835506e-05, 'epoch': 2.13}
{'loss': 0.5736, 'grad_norm': 2.992076873779297, 'learning_rate': 1.5283320031923386e-05, 'epoch': 2.14}
{'loss': 0.5199, 'grad_norm': 3.5133304595947266, 'learning_rate': 1.5172474949011262e-05, 'epoch': 2.14}
{'loss': 0.5278, 'grad_norm': 4.599452018737793, 'learning_rate': 1.5061629866099141e-05, 'epoch': 2.15}
{'loss': 0.6804, 'grad_norm': 6.543215751647949, 'learning_rate': 1.495078478318702e-05, 'epoch': 2.16}
{'loss': 0.6045, 'grad_norm': 7.502847671508789, 'learning_rate': 1.4839939700274896e-05, 'epoch': 2.16}
{'loss': 0.5969, 'grad_norm': 4.02358341217041, 'learning_rate': 1.4729094617362774e-05, 'epoch': 2.17}
{'loss': 0.5822, 'grad_norm': 5.786463737487793, 'learning_rate': 1.4618249534450653e-05, 'epoch': 2.18}
{'loss': 0.5437, 'grad_norm': 7.854856491088867, 'learning_rate': 1.4507404451538531e-05, 'epoch': 2.18}
{'loss': 0.5442, 'grad_norm': 6.912286758422852, 'learning_rate': 1.4396559368626407e-05, 'epoch': 2.19}
{'loss': 0.5632, 'grad_norm': 8.688273429870605, 'learning_rate': 1.4285714285714285e-05, 'epoch': 2.19}
{'loss': 0.5282, 'grad_norm': 2.6681501865386963, 'learning_rate': 1.4174869202802165e-05, 'epoch': 2.2}
{'loss': 0.6191, 'grad_norm': 11.832199096679688, 'learning_rate': 1.4064024119890043e-05, 'epoch': 2.21}
{'loss': 0.608, 'grad_norm': 5.344274044036865, 'learning_rate': 1.3953179036977921e-05, 'epoch': 2.21}
{'loss': 0.5587, 'grad_norm': 7.766607761383057, 'learning_rate': 1.3842333954065797e-05, 'epoch': 2.22}
{'loss': 0.617, 'grad_norm': 4.746459484100342, 'learning_rate': 1.3731488871153677e-05, 'epoch': 2.23}
{'loss': 0.5635, 'grad_norm': 3.8414785861968994, 'learning_rate': 1.3620643788241555e-05, 'epoch': 2.23}
{'loss': 0.542, 'grad_norm': 3.2938761711120605, 'learning_rate': 1.3509798705329433e-05, 'epoch': 2.24}
{'loss': 0.5885, 'grad_norm': 5.949857711791992, 'learning_rate': 1.3398953622417309e-05, 'epoch': 2.24}
{'loss': 0.5484, 'grad_norm': 5.10294771194458, 'learning_rate': 1.3288108539505187e-05, 'epoch': 2.25}
{'loss': 0.642, 'grad_norm': 5.191505432128906, 'learning_rate': 1.3177263456593067e-05, 'epoch': 2.26}
{'loss': 0.5896, 'grad_norm': 5.770256042480469, 'learning_rate': 1.3066418373680945e-05, 'epoch': 2.26}
{'loss': 0.5376, 'grad_norm': 5.981320381164551, 'learning_rate': 1.2955573290768821e-05, 'epoch': 2.27}
{'loss': 0.5415, 'grad_norm': 5.239701271057129, 'learning_rate': 1.2844728207856699e-05, 'epoch': 2.28}
{'loss': 0.5905, 'grad_norm': 3.715458631515503, 'learning_rate': 1.2733883124944578e-05, 'epoch': 2.28}
{'loss': 0.5529, 'grad_norm': 11.351822853088379, 'learning_rate': 1.2623038042032456e-05, 'epoch': 2.29}
{'loss': 0.5573, 'grad_norm': 4.7553181648254395, 'learning_rate': 1.2512192959120333e-05, 'epoch': 2.29}
{'loss': 0.5969, 'grad_norm': 3.73836350440979, 'learning_rate': 1.2401347876208212e-05, 'epoch': 2.3}
{'loss': 0.5767, 'grad_norm': 3.345768928527832, 'learning_rate': 1.229050279329609e-05, 'epoch': 2.31}
{'loss': 0.5656, 'grad_norm': 2.567636489868164, 'learning_rate': 1.2179657710383968e-05, 'epoch': 2.31}
{'loss': 0.537, 'grad_norm': 5.065938949584961, 'learning_rate': 1.2068812627471846e-05, 'epoch': 2.32}
{'loss': 0.5888, 'grad_norm': 4.358173370361328, 'learning_rate': 1.1957967544559724e-05, 'epoch': 2.33}
{'loss': 0.5512, 'grad_norm': 3.6011312007904053, 'learning_rate': 1.1847122461647602e-05, 'epoch': 2.33}
{'loss': 0.5416, 'grad_norm': 2.6717190742492676, 'learning_rate': 1.173627737873548e-05, 'epoch': 2.34}
{'loss': 0.5765, 'grad_norm': 4.891938209533691, 'learning_rate': 1.1625432295823358e-05, 'epoch': 2.34}
{'loss': 0.5566, 'grad_norm': 4.578362941741943, 'learning_rate': 1.1514587212911236e-05, 'epoch': 2.35}
{'loss': 0.5625, 'grad_norm': 4.971737861633301, 'learning_rate': 1.1403742129999114e-05, 'epoch': 2.36}
{'loss': 0.5626, 'grad_norm': 4.222840309143066, 'learning_rate': 1.1292897047086992e-05, 'epoch': 2.36}
{'loss': 0.6312, 'grad_norm': 3.967036008834839, 'learning_rate': 1.118205196417487e-05, 'epoch': 2.37}
{'loss': 0.527, 'grad_norm': 7.397243976593018, 'learning_rate': 1.1071206881262748e-05, 'epoch': 2.38}
{'loss': 0.5058, 'grad_norm': 4.040891647338867, 'learning_rate': 1.0960361798350626e-05, 'epoch': 2.38}
{'loss': 0.5223, 'grad_norm': 6.343944072723389, 'learning_rate': 1.0849516715438504e-05, 'epoch': 2.39}
{'loss': 0.6358, 'grad_norm': 5.7983856201171875, 'learning_rate': 1.0738671632526382e-05, 'epoch': 2.39}
{'loss': 0.5682, 'grad_norm': 8.465483665466309, 'learning_rate': 1.062782654961426e-05, 'epoch': 2.4}
{'loss': 0.558, 'grad_norm': 7.3488054275512695, 'learning_rate': 1.0516981466702138e-05, 'epoch': 2.41}
{'loss': 0.5358, 'grad_norm': 4.684779167175293, 'learning_rate': 1.0406136383790015e-05, 'epoch': 2.41}
{'loss': 0.5048, 'grad_norm': 5.274415016174316, 'learning_rate': 1.0295291300877893e-05, 'epoch': 2.42}
{'loss': 0.6276, 'grad_norm': 3.688718795776367, 'learning_rate': 1.0184446217965771e-05, 'epoch': 2.43}
{'loss': 0.4935, 'grad_norm': 8.64467716217041, 'learning_rate': 1.007360113505365e-05, 'epoch': 2.43}
{'loss': 0.5835, 'grad_norm': 4.645508766174316, 'learning_rate': 9.962756052141527e-06, 'epoch': 2.44}
{'loss': 0.5301, 'grad_norm': 4.216856956481934, 'learning_rate': 9.851910969229405e-06, 'epoch': 2.44}
{'loss': 0.5498, 'grad_norm': 4.733994483947754, 'learning_rate': 9.741065886317283e-06, 'epoch': 2.45}
{'loss': 0.5292, 'grad_norm': 3.8523061275482178, 'learning_rate': 9.630220803405161e-06, 'epoch': 2.46}
{'loss': 0.5504, 'grad_norm': 5.340156078338623, 'learning_rate': 9.51937572049304e-06, 'epoch': 2.46}
{'loss': 0.5284, 'grad_norm': 5.073351860046387, 'learning_rate': 9.408530637580917e-06, 'epoch': 2.47}
{'loss': 0.5532, 'grad_norm': 3.8768677711486816, 'learning_rate': 9.297685554668795e-06, 'epoch': 2.48}
{'loss': 0.5469, 'grad_norm': 5.624824047088623, 'learning_rate': 9.186840471756673e-06, 'epoch': 2.48}
{'loss': 0.5205, 'grad_norm': 4.6301703453063965, 'learning_rate': 9.075995388844551e-06, 'epoch': 2.49}
{'loss': 0.6139, 'grad_norm': 3.915036201477051, 'learning_rate': 8.965150305932429e-06, 'epoch': 2.49}
{'loss': 0.5499, 'grad_norm': 3.518707752227783, 'learning_rate': 8.854305223020307e-06, 'epoch': 2.5}
{'loss': 0.5928, 'grad_norm': 4.816104888916016, 'learning_rate': 8.743460140108185e-06, 'epoch': 2.51}
{'loss': 0.5403, 'grad_norm': 2.8298251628875732, 'learning_rate': 8.632615057196063e-06, 'epoch': 2.51}
{'loss': 0.5869, 'grad_norm': 7.142348766326904, 'learning_rate': 8.52176997428394e-06, 'epoch': 2.52}
{'loss': 0.4851, 'grad_norm': 3.6546807289123535, 'learning_rate': 8.410924891371819e-06, 'epoch': 2.53}
{'loss': 0.6118, 'grad_norm': 5.799877166748047, 'learning_rate': 8.300079808459697e-06, 'epoch': 2.53}
{'loss': 0.5493, 'grad_norm': 5.7666916847229, 'learning_rate': 8.189234725547575e-06, 'epoch': 2.54}
{'loss': 0.5608, 'grad_norm': 6.108741760253906, 'learning_rate': 8.078389642635453e-06, 'epoch': 2.54}
{'loss': 0.4957, 'grad_norm': 3.3893022537231445, 'learning_rate': 7.96754455972333e-06, 'epoch': 2.55}
{'loss': 0.5505, 'grad_norm': 5.986543655395508, 'learning_rate': 7.856699476811208e-06, 'epoch': 2.56}
{'loss': 0.5303, 'grad_norm': 4.40525484085083, 'learning_rate': 7.745854393899086e-06, 'epoch': 2.56}
{'loss': 0.4836, 'grad_norm': 10.045161247253418, 'learning_rate': 7.635009310986966e-06, 'epoch': 2.57}
{'loss': 0.6564, 'grad_norm': 7.677059173583984, 'learning_rate': 7.524164228074842e-06, 'epoch': 2.58}
{'loss': 0.4899, 'grad_norm': 3.3883113861083984, 'learning_rate': 7.413319145162721e-06, 'epoch': 2.58}
{'loss': 0.6357, 'grad_norm': 6.007501125335693, 'learning_rate': 7.302474062250598e-06, 'epoch': 2.59}
{'loss': 0.6057, 'grad_norm': 5.417823314666748, 'learning_rate': 7.191628979338477e-06, 'epoch': 2.59}
{'loss': 0.5452, 'grad_norm': 6.174529075622559, 'learning_rate': 7.080783896426355e-06, 'epoch': 2.6}
{'loss': 0.522, 'grad_norm': 3.66119647026062, 'learning_rate': 6.969938813514233e-06, 'epoch': 2.61}
{'loss': 0.532, 'grad_norm': 4.823853492736816, 'learning_rate': 6.859093730602111e-06, 'epoch': 2.61}
{'loss': 0.5725, 'grad_norm': 3.606579542160034, 'learning_rate': 6.748248647689989e-06, 'epoch': 2.62}
{'loss': 0.5618, 'grad_norm': 5.444225311279297, 'learning_rate': 6.637403564777867e-06, 'epoch': 2.63}
{'loss': 0.5377, 'grad_norm': 3.9596869945526123, 'learning_rate': 6.5265584818657456e-06, 'epoch': 2.63}
{'loss': 0.5367, 'grad_norm': 6.299022674560547, 'learning_rate': 6.415713398953623e-06, 'epoch': 2.64}
{'loss': 0.4894, 'grad_norm': 6.819307804107666, 'learning_rate': 6.3048683160415015e-06, 'epoch': 2.64}
{'loss': 0.5584, 'grad_norm': 5.7517828941345215, 'learning_rate': 6.1940232331293786e-06, 'epoch': 2.65}
{'loss': 0.5311, 'grad_norm': 14.033652305603027, 'learning_rate': 6.0831781502172565e-06, 'epoch': 2.66}
{'loss': 0.5216, 'grad_norm': 5.327388286590576, 'learning_rate': 5.9723330673051345e-06, 'epoch': 2.66}
{'loss': 0.6055, 'grad_norm': 6.905689716339111, 'learning_rate': 5.8614879843930124e-06, 'epoch': 2.67}
{'loss': 0.5913, 'grad_norm': 8.832639694213867, 'learning_rate': 5.75064290148089e-06, 'epoch': 2.68}
{'loss': 0.6329, 'grad_norm': 6.366179466247559, 'learning_rate': 5.639797818568768e-06, 'epoch': 2.68}
{'loss': 0.4556, 'grad_norm': 3.2505252361297607, 'learning_rate': 5.528952735656646e-06, 'epoch': 2.69}
{'loss': 0.5445, 'grad_norm': 5.701382160186768, 'learning_rate': 5.418107652744524e-06, 'epoch': 2.69}
{'loss': 0.5507, 'grad_norm': 4.439413070678711, 'learning_rate': 5.307262569832402e-06, 'epoch': 2.7}
{'loss': 0.5464, 'grad_norm': 3.352342128753662, 'learning_rate': 5.19641748692028e-06, 'epoch': 2.71}
{'loss': 0.5235, 'grad_norm': 4.3246169090271, 'learning_rate': 5.085572404008158e-06, 'epoch': 2.71}
{'loss': 0.5331, 'grad_norm': 4.096240997314453, 'learning_rate': 4.974727321096036e-06, 'epoch': 2.72}
{'loss': 0.4972, 'grad_norm': 3.406707763671875, 'learning_rate': 4.863882238183914e-06, 'epoch': 2.73}
{'loss': 0.5527, 'grad_norm': 6.285126209259033, 'learning_rate': 4.753037155271793e-06, 'epoch': 2.73}
{'loss': 0.5567, 'grad_norm': 5.449843883514404, 'learning_rate': 4.642192072359671e-06, 'epoch': 2.74}
{'loss': 0.5778, 'grad_norm': 4.508245944976807, 'learning_rate': 4.531346989447549e-06, 'epoch': 2.74}
{'loss': 0.5126, 'grad_norm': 5.13840389251709, 'learning_rate': 4.420501906535427e-06, 'epoch': 2.75}
{'loss': 0.5308, 'grad_norm': 3.3703625202178955, 'learning_rate': 4.309656823623305e-06, 'epoch': 2.76}
{'loss': 0.5796, 'grad_norm': 4.607120513916016, 'learning_rate': 4.198811740711183e-06, 'epoch': 2.76}
{'loss': 0.5148, 'grad_norm': 4.6901726722717285, 'learning_rate': 4.0879666577990605e-06, 'epoch': 2.77}
{'loss': 0.541, 'grad_norm': 5.465066909790039, 'learning_rate': 3.9771215748869385e-06, 'epoch': 2.78}
{'loss': 0.5285, 'grad_norm': 4.2122673988342285, 'learning_rate': 3.8662764919748164e-06, 'epoch': 2.78}
{'loss': 0.5502, 'grad_norm': 5.789658546447754, 'learning_rate': 3.7554314090626944e-06, 'epoch': 2.79}
{'loss': 0.5218, 'grad_norm': 5.187550067901611, 'learning_rate': 3.6445863261505723e-06, 'epoch': 2.79}
{'loss': 0.5302, 'grad_norm': 5.858898162841797, 'learning_rate': 3.5337412432384503e-06, 'epoch': 2.8}
{'loss': 0.5165, 'grad_norm': 7.058909893035889, 'learning_rate': 3.4228961603263283e-06, 'epoch': 2.81}
{'loss': 0.599, 'grad_norm': 3.529127359390259, 'learning_rate': 3.312051077414206e-06, 'epoch': 2.81}
{'loss': 0.5771, 'grad_norm': 4.972018718719482, 'learning_rate': 3.201205994502084e-06, 'epoch': 2.82}
{'loss': 0.5789, 'grad_norm': 5.565826416015625, 'learning_rate': 3.090360911589962e-06, 'epoch': 2.83}
{'loss': 0.5671, 'grad_norm': 5.743823528289795, 'learning_rate': 2.97951582867784e-06, 'epoch': 2.83}
{'loss': 0.5208, 'grad_norm': 4.399279594421387, 'learning_rate': 2.868670745765718e-06, 'epoch': 2.84}
{'loss': 0.5993, 'grad_norm': 5.81108283996582, 'learning_rate': 2.757825662853596e-06, 'epoch': 2.84}
{'loss': 0.5096, 'grad_norm': 4.659819602966309, 'learning_rate': 2.646980579941474e-06, 'epoch': 2.85}
{'loss': 0.5052, 'grad_norm': 4.912208080291748, 'learning_rate': 2.536135497029352e-06, 'epoch': 2.86}
{'loss': 0.5238, 'grad_norm': 3.6120216846466064, 'learning_rate': 2.42529041411723e-06, 'epoch': 2.86}
{'loss': 0.5283, 'grad_norm': 5.623141288757324, 'learning_rate': 2.314445331205108e-06, 'epoch': 2.87}
{'loss': 0.5362, 'grad_norm': 8.033379554748535, 'learning_rate': 2.2036002482929857e-06, 'epoch': 2.88}
{'loss': 0.5888, 'grad_norm': 2.738403081893921, 'learning_rate': 2.092755165380864e-06, 'epoch': 2.88}
{'loss': 0.5465, 'grad_norm': 5.398144721984863, 'learning_rate': 1.981910082468742e-06, 'epoch': 2.89}
{'loss': 0.5175, 'grad_norm': 2.9106204509735107, 'learning_rate': 1.8710649995566198e-06, 'epoch': 2.89}
{'loss': 0.5108, 'grad_norm': 5.842856407165527, 'learning_rate': 1.7602199166444976e-06, 'epoch': 2.9}
{'loss': 0.5742, 'grad_norm': 4.921248912811279, 'learning_rate': 1.6493748337323755e-06, 'epoch': 2.91}
{'loss': 0.5235, 'grad_norm': 5.458276271820068, 'learning_rate': 1.5385297508202537e-06, 'epoch': 2.91}
{'loss': 0.5504, 'grad_norm': 3.4080069065093994, 'learning_rate': 1.4276846679081316e-06, 'epoch': 2.92}
{'loss': 0.5092, 'grad_norm': 4.0636444091796875, 'learning_rate': 1.3168395849960098e-06, 'epoch': 2.93}
{'loss': 0.5365, 'grad_norm': 5.909029960632324, 'learning_rate': 1.2059945020838875e-06, 'epoch': 2.93}
{'loss': 0.5312, 'grad_norm': 6.413486003875732, 'learning_rate': 1.0951494191717655e-06, 'epoch': 2.94}
{'loss': 0.5073, 'grad_norm': 4.874270915985107, 'learning_rate': 9.843043362596434e-07, 'epoch': 2.94}
{'loss': 0.5837, 'grad_norm': 4.6255879402160645, 'learning_rate': 8.734592533475215e-07, 'epoch': 2.95}
{'loss': 0.5208, 'grad_norm': 6.3991312980651855, 'learning_rate': 7.626141704353996e-07, 'epoch': 2.96}
{'loss': 0.5108, 'grad_norm': 4.39699649810791, 'learning_rate': 6.517690875232775e-07, 'epoch': 2.96}
{'loss': 0.5719, 'grad_norm': 5.364295482635498, 'learning_rate': 5.409240046111555e-07, 'epoch': 2.97}
{'loss': 0.5125, 'grad_norm': 6.164435863494873, 'learning_rate': 4.300789216990335e-07, 'epoch': 2.98}
{'loss': 0.5057, 'grad_norm': 5.2432780265808105, 'learning_rate': 3.1923383878691143e-07, 'epoch': 2.98}
{'loss': 0.5245, 'grad_norm': 6.605443000793457, 'learning_rate': 2.083887558747894e-07, 'epoch': 2.99}
{'loss': 0.5432, 'grad_norm': 3.837324857711792, 'learning_rate': 9.754367296266738e-08, 'epoch': 2.99}
{'train_runtime': 738.1273, 'train_samples_per_second': 260.045, 'train_steps_per_second': 32.507, 'train_loss': 0.8634401236194923, 'epoch': 3.0}

========== Step 6: Algorithmic cleaning baseline ==========

========== Step 7: Evaluate cleaned validation inputs ==========
Evaluating distilbert_sst2_confidence on ediclean_t5small_sst2_confidence-cleaned validation
Evaluating distilbert_sst2_confidence on decoderclean_distilgpt2_sst2_confidence-cleaned validation
Evaluating distilbert_sst2_confidence on ruleclean-cleaned validation
Evaluating distilgpt2_sst2_confidence on ediclean_t5small_sst2_confidence-cleaned validation
Evaluating distilgpt2_sst2_confidence on decoderclean_distilgpt2_sst2_confidence-cleaned validation
Evaluating distilgpt2_sst2_confidence on ruleclean-cleaned validation
Evaluating t5small_sst2_confidence on ediclean_t5small_sst2_confidence-cleaned validation
Evaluating t5small_sst2_confidence on decoderclean_distilgpt2_sst2_confidence-cleaned validation
Evaluating t5small_sst2_confidence on ruleclean-cleaned validation

Saved results to: outputs/results.json
Saved predictions to: outputs/predictions.json
